entity,time,equation,original_index,error_terms
0,2,diff,2,"{2: 1.0, 1: -1.0}"
0,3,diff,3,"{3: 1.0, 2: -1.0}"
0,4,diff,4,"{4: 1.0, 3: -1.0}"
0,5,diff,5,"{5: 1.0, 4: -1.0}"
0,6,diff,6,"{6: 1.0, 5: -1.0}"
0,7,diff,7,"{7: 1.0, 6: -1.0}"
0,8,diff,8,"{8: 1.0, 7: -1.0}"
0,9,diff,9,"{9: 1.0, 8: -1.0}"
0,10,diff,10,"{10: 1.0, 9: -1.0}"
0,11,diff,11,"{11: 1.0, 10: -1.0}"
0,12,diff,12,"{12: 1.0, 11: -1.0}"
0,13,diff,13,"{13: 1.0, 12: -1.0}"
0,1,level,1,{1: 1.0}
0,2,level,2,{2: 1.0}
0,3,level,3,{3: 1.0}
0,4,level,4,{4: 1.0}
0,5,level,5,{5: 1.0}
0,6,level,6,{6: 1.0}
0,7,level,7,{7: 1.0}
0,8,level,8,{8: 1.0}
0,9,level,9,{9: 1.0}
0,10,level,10,{10: 1.0}
0,11,level,11,{11: 1.0}
0,12,level,12,{12: 1.0}
0,13,level,13,{13: 1.0}
1,2,diff,16,"{2: 1.0, 1: -1.0}"
1,3,diff,17,"{3: 1.0, 2: -1.0}"
1,4,diff,18,"{4: 1.0, 3: -1.0}"
1,5,diff,19,"{5: 1.0, 4: -1.0}"
1,6,diff,20,"{6: 1.0, 5: -1.0}"
1,7,diff,21,"{7: 1.0, 6: -1.0}"
1,8,diff,22,"{8: 1.0, 7: -1.0}"
1,9,diff,23,"{9: 1.0, 8: -1.0}"
1,10,diff,24,"{10: 1.0, 9: -1.0}"
1,11,diff,25,"{11: 1.0, 10: -1.0}"
1,12,diff,26,"{12: 1.0, 11: -1.0}"
1,13,diff,27,"{13: 1.0, 12: -1.0}"
1,1,level,15,{1: 1.0}
1,2,level,16,{2: 1.0}
1,3,level,17,{3: 1.0}
1,4,level,18,{4: 1.0}
1,5,level,19,{5: 1.0}
1,6,level,20,{6: 1.0}
1,7,level,21,{7: 1.0}
1,8,level,22,{8: 1.0}
1,9,level,23,{9: 1.0}
1,10,level,24,{10: 1.0}
1,11,level,25,{11: 1.0}
1,12,level,26,{12: 1.0}
1,13,level,27,{13: 1.0}
2,2,diff,30,"{2: 1.0, 1: -1.0}"
2,3,diff,31,"{3: 1.0, 2: -1.0}"
2,4,diff,32,"{4: 1.0, 3: -1.0}"
2,5,diff,33,"{5: 1.0, 4: -1.0}"
2,6,diff,34,"{6: 1.0, 5: -1.0}"
2,7,diff,35,"{7: 1.0, 6: -1.0}"
2,8,diff,36,"{8: 1.0, 7: -1.0}"
2,9,diff,37,"{9: 1.0, 8: -1.0}"
2,10,diff,38,"{10: 1.0, 9: -1.0}"
2,11,diff,39,"{11: 1.0, 10: -1.0}"
2,12,diff,40,"{12: 1.0, 11: -1.0}"
2,13,diff,41,"{13: 1.0, 12: -1.0}"
2,1,level,29,{1: 1.0}
2,2,level,30,{2: 1.0}
2,3,level,31,{3: 1.0}
2,4,level,32,{4: 1.0}
2,5,level,33,{5: 1.0}
2,6,level,34,{6: 1.0}
2,7,level,35,{7: 1.0}
2,8,level,36,{8: 1.0}
2,9,level,37,{9: 1.0}
2,10,level,38,{10: 1.0}
2,11,level,39,{11: 1.0}
2,12,level,40,{12: 1.0}
2,13,level,41,{13: 1.0}
3,2,diff,44,"{2: 1.0, 1: -1.0}"
3,3,diff,45,"{3: 1.0, 2: -1.0}"
3,4,diff,46,"{4: 1.0, 3: -1.0}"
3,5,diff,47,"{5: 1.0, 4: -1.0}"
3,6,diff,48,"{6: 1.0, 5: -1.0}"
3,7,diff,49,"{7: 1.0, 6: -1.0}"
3,8,diff,50,"{8: 1.0, 7: -1.0}"
3,9,diff,51,"{9: 1.0, 8: -1.0}"
3,10,diff,52,"{10: 1.0, 9: -1.0}"
3,11,diff,53,"{11: 1.0, 10: -1.0}"
3,12,diff,54,"{12: 1.0, 11: -1.0}"
3,13,diff,55,"{13: 1.0, 12: -1.0}"
3,1,level,43,{1: 1.0}
3,2,level,44,{2: 1.0}
3,3,level,45,{3: 1.0}
3,4,level,46,{4: 1.0}
3,5,level,47,{5: 1.0}
3,6,level,48,{6: 1.0}
3,7,level,49,{7: 1.0}
3,8,level,50,{8: 1.0}
3,9,level,51,{9: 1.0}
3,10,level,52,{10: 1.0}
3,11,level,53,{11: 1.0}
3,12,level,54,{12: 1.0}
3,13,level,55,{13: 1.0}
4,2,diff,58,"{2: 1.0, 1: -1.0}"
4,3,diff,59,"{3: 1.0, 2: -1.0}"
4,4,diff,60,"{4: 1.0, 3: -1.0}"
4,5,diff,61,"{5: 1.0, 4: -1.0}"
4,6,diff,62,"{6: 1.0, 5: -1.0}"
4,7,diff,63,"{7: 1.0, 6: -1.0}"
4,8,diff,64,"{8: 1.0, 7: -1.0}"
4,9,diff,65,"{9: 1.0, 8: -1.0}"
4,10,diff,66,"{10: 1.0, 9: -1.0}"
4,11,diff,67,"{11: 1.0, 10: -1.0}"
4,12,diff,68,"{12: 1.0, 11: -1.0}"
4,13,diff,69,"{13: 1.0, 12: -1.0}"
4,1,level,57,{1: 1.0}
4,2,level,58,{2: 1.0}
4,3,level,59,{3: 1.0}
4,4,level,60,{4: 1.0}
4,5,level,61,{5: 1.0}
4,6,level,62,{6: 1.0}
4,7,level,63,{7: 1.0}
4,8,level,64,{8: 1.0}
4,9,level,65,{9: 1.0}
4,10,level,66,{10: 1.0}
4,11,level,67,{11: 1.0}
4,12,level,68,{12: 1.0}
4,13,level,69,{13: 1.0}
5,2,diff,72,"{2: 1.0, 1: -1.0}"
5,3,diff,73,"{3: 1.0, 2: -1.0}"
5,4,diff,74,"{4: 1.0, 3: -1.0}"
5,5,diff,75,"{5: 1.0, 4: -1.0}"
5,6,diff,76,"{6: 1.0, 5: -1.0}"
5,7,diff,77,"{7: 1.0, 6: -1.0}"
5,8,diff,78,"{8: 1.0, 7: -1.0}"
5,9,diff,79,"{9: 1.0, 8: -1.0}"
5,10,diff,80,"{10: 1.0, 9: -1.0}"
5,11,diff,81,"{11: 1.0, 10: -1.0}"
5,12,diff,82,"{12: 1.0, 11: -1.0}"
5,13,diff,83,"{13: 1.0, 12: -1.0}"
5,1,level,71,{1: 1.0}
5,2,level,72,{2: 1.0}
5,3,level,73,{3: 1.0}
5,4,level,74,{4: 1.0}
5,5,level,75,{5: 1.0}
5,6,level,76,{6: 1.0}
5,7,level,77,{7: 1.0}
5,8,level,78,{8: 1.0}
5,9,level,79,{9: 1.0}
5,10,level,80,{10: 1.0}
5,11,level,81,{11: 1.0}
5,12,level,82,{12: 1.0}
5,13,level,83,{13: 1.0}
6,2,diff,86,"{2: 1.0, 1: -1.0}"
6,3,diff,87,"{3: 1.0, 2: -1.0}"
6,4,diff,88,"{4: 1.0, 3: -1.0}"
6,5,diff,89,"{5: 1.0, 4: -1.0}"
6,6,diff,90,"{6: 1.0, 5: -1.0}"
6,7,diff,91,"{7: 1.0, 6: -1.0}"
6,8,diff,92,"{8: 1.0, 7: -1.0}"
6,9,diff,93,"{9: 1.0, 8: -1.0}"
6,10,diff,94,"{10: 1.0, 9: -1.0}"
6,11,diff,95,"{11: 1.0, 10: -1.0}"
6,12,diff,96,"{12: 1.0, 11: -1.0}"
6,13,diff,97,"{13: 1.0, 12: -1.0}"
6,1,level,85,{1: 1.0}
6,2,level,86,{2: 1.0}
6,3,level,87,{3: 1.0}
6,4,level,88,{4: 1.0}
6,5,level,89,{5: 1.0}
6,6,level,90,{6: 1.0}
6,7,level,91,{7: 1.0}
6,8,level,92,{8: 1.0}
6,9,level,93,{9: 1.0}
6,10,level,94,{10: 1.0}
6,11,level,95,{11: 1.0}
6,12,level,96,{12: 1.0}
6,13,level,97,{13: 1.0}
7,2,diff,100,"{2: 1.0, 1: -1.0}"
7,3,diff,101,"{3: 1.0, 2: -1.0}"
7,4,diff,102,"{4: 1.0, 3: -1.0}"
7,5,diff,103,"{5: 1.0, 4: -1.0}"
7,6,diff,104,"{6: 1.0, 5: -1.0}"
7,7,diff,105,"{7: 1.0, 6: -1.0}"
7,8,diff,106,"{8: 1.0, 7: -1.0}"
7,9,diff,107,"{9: 1.0, 8: -1.0}"
7,10,diff,108,"{10: 1.0, 9: -1.0}"
7,11,diff,109,"{11: 1.0, 10: -1.0}"
7,12,diff,110,"{12: 1.0, 11: -1.0}"
7,13,diff,111,"{13: 1.0, 12: -1.0}"
7,1,level,99,{1: 1.0}
7,2,level,100,{2: 1.0}
7,3,level,101,{3: 1.0}
7,4,level,102,{4: 1.0}
7,5,level,103,{5: 1.0}
7,6,level,104,{6: 1.0}
7,7,level,105,{7: 1.0}
7,8,level,106,{8: 1.0}
7,9,level,107,{9: 1.0}
7,10,level,108,{10: 1.0}
7,11,level,109,{11: 1.0}
7,12,level,110,{12: 1.0}
7,13,level,111,{13: 1.0}
8,2,diff,114,"{2: 1.0, 1: -1.0}"
8,3,diff,115,"{3: 1.0, 2: -1.0}"
8,4,diff,116,"{4: 1.0, 3: -1.0}"
8,5,diff,117,"{5: 1.0, 4: -1.0}"
8,6,diff,118,"{6: 1.0, 5: -1.0}"
8,7,diff,119,"{7: 1.0, 6: -1.0}"
8,8,diff,120,"{8: 1.0, 7: -1.0}"
8,9,diff,121,"{9: 1.0, 8: -1.0}"
8,10,diff,122,"{10: 1.0, 9: -1.0}"
8,11,diff,123,"{11: 1.0, 10: -1.0}"
8,12,diff,124,"{12: 1.0, 11: -1.0}"
8,13,diff,125,"{13: 1.0, 12: -1.0}"
8,1,level,113,{1: 1.0}
8,2,level,114,{2: 1.0}
8,3,level,115,{3: 1.0}
8,4,level,116,{4: 1.0}
8,5,level,117,{5: 1.0}
8,6,level,118,{6: 1.0}
8,7,level,119,{7: 1.0}
8,8,level,120,{8: 1.0}
8,9,level,121,{9: 1.0}
8,10,level,122,{10: 1.0}
8,11,level,123,{11: 1.0}
8,12,level,124,{12: 1.0}
8,13,level,125,{13: 1.0}
9,2,diff,128,"{2: 1.0, 1: -1.0}"
9,3,diff,129,"{3: 1.0, 2: -1.0}"
9,4,diff,130,"{4: 1.0, 3: -1.0}"
9,5,diff,131,"{5: 1.0, 4: -1.0}"
9,6,diff,132,"{6: 1.0, 5: -1.0}"
9,7,diff,133,"{7: 1.0, 6: -1.0}"
9,8,diff,134,"{8: 1.0, 7: -1.0}"
9,9,diff,135,"{9: 1.0, 8: -1.0}"
9,10,diff,136,"{10: 1.0, 9: -1.0}"
9,11,diff,137,"{11: 1.0, 10: -1.0}"
9,12,diff,138,"{12: 1.0, 11: -1.0}"
9,13,diff,139,"{13: 1.0, 12: -1.0}"
9,1,level,127,{1: 1.0}
9,2,level,128,{2: 1.0}
9,3,level,129,{3: 1.0}
9,4,level,130,{4: 1.0}
9,5,level,131,{5: 1.0}
9,6,level,132,{6: 1.0}
9,7,level,133,{7: 1.0}
9,8,level,134,{8: 1.0}
9,9,level,135,{9: 1.0}
9,10,level,136,{10: 1.0}
9,11,level,137,{11: 1.0}
9,12,level,138,{12: 1.0}
9,13,level,139,{13: 1.0}
10,2,diff,142,"{2: 1.0, 1: -1.0}"
10,3,diff,143,"{3: 1.0, 2: -1.0}"
10,4,diff,144,"{4: 1.0, 3: -1.0}"
10,5,diff,145,"{5: 1.0, 4: -1.0}"
10,6,diff,146,"{6: 1.0, 5: -1.0}"
10,7,diff,147,"{7: 1.0, 6: -1.0}"
10,8,diff,148,"{8: 1.0, 7: -1.0}"
10,9,diff,149,"{9: 1.0, 8: -1.0}"
10,10,diff,150,"{10: 1.0, 9: -1.0}"
10,11,diff,151,"{11: 1.0, 10: -1.0}"
10,12,diff,152,"{12: 1.0, 11: -1.0}"
10,13,diff,153,"{13: 1.0, 12: -1.0}"
10,1,level,141,{1: 1.0}
10,2,level,142,{2: 1.0}
10,3,level,143,{3: 1.0}
10,4,level,144,{4: 1.0}
10,5,level,145,{5: 1.0}
10,6,level,146,{6: 1.0}
10,7,level,147,{7: 1.0}
10,8,level,148,{8: 1.0}
10,9,level,149,{9: 1.0}
10,10,level,150,{10: 1.0}
10,11,level,151,{11: 1.0}
10,12,level,152,{12: 1.0}
10,13,level,153,{13: 1.0}
11,2,diff,156,"{2: 1.0, 1: -1.0}"
11,3,diff,157,"{3: 1.0, 2: -1.0}"
11,4,diff,158,"{4: 1.0, 3: -1.0}"
11,5,diff,159,"{5: 1.0, 4: -1.0}"
11,6,diff,160,"{6: 1.0, 5: -1.0}"
11,7,diff,161,"{7: 1.0, 6: -1.0}"
11,8,diff,162,"{8: 1.0, 7: -1.0}"
11,9,diff,163,"{9: 1.0, 8: -1.0}"
11,10,diff,164,"{10: 1.0, 9: -1.0}"
11,11,diff,165,"{11: 1.0, 10: -1.0}"
11,12,diff,166,"{12: 1.0, 11: -1.0}"
11,13,diff,167,"{13: 1.0, 12: -1.0}"
11,1,level,155,{1: 1.0}
11,2,level,156,{2: 1.0}
11,3,level,157,{3: 1.0}
11,4,level,158,{4: 1.0}
11,5,level,159,{5: 1.0}
11,6,level,160,{6: 1.0}
11,7,level,161,{7: 1.0}
11,8,level,162,{8: 1.0}
11,9,level,163,{9: 1.0}
11,10,level,164,{10: 1.0}
11,11,level,165,{11: 1.0}
11,12,level,166,{12: 1.0}
11,13,level,167,{13: 1.0}
12,2,diff,170,"{2: 1.0, 1: -1.0}"
12,3,diff,171,"{3: 1.0, 2: -1.0}"
12,4,diff,172,"{4: 1.0, 3: -1.0}"
12,5,diff,173,"{5: 1.0, 4: -1.0}"
12,6,diff,174,"{6: 1.0, 5: -1.0}"
12,7,diff,175,"{7: 1.0, 6: -1.0}"
12,8,diff,176,"{8: 1.0, 7: -1.0}"
12,9,diff,177,"{9: 1.0, 8: -1.0}"
12,10,diff,178,"{10: 1.0, 9: -1.0}"
12,11,diff,179,"{11: 1.0, 10: -1.0}"
12,12,diff,180,"{12: 1.0, 11: -1.0}"
12,13,diff,181,"{13: 1.0, 12: -1.0}"
12,1,level,169,{1: 1.0}
12,2,level,170,{2: 1.0}
12,3,level,171,{3: 1.0}
12,4,level,172,{4: 1.0}
12,5,level,173,{5: 1.0}
12,6,level,174,{6: 1.0}
12,7,level,175,{7: 1.0}
12,8,level,176,{8: 1.0}
12,9,level,177,{9: 1.0}
12,10,level,178,{10: 1.0}
12,11,level,179,{11: 1.0}
12,12,level,180,{12: 1.0}
12,13,level,181,{13: 1.0}
13,2,diff,184,"{2: 1.0, 1: -1.0}"
13,3,diff,185,"{3: 1.0, 2: -1.0}"
13,4,diff,186,"{4: 1.0, 3: -1.0}"
13,5,diff,187,"{5: 1.0, 4: -1.0}"
13,6,diff,188,"{6: 1.0, 5: -1.0}"
13,7,diff,189,"{7: 1.0, 6: -1.0}"
13,8,diff,190,"{8: 1.0, 7: -1.0}"
13,9,diff,191,"{9: 1.0, 8: -1.0}"
13,10,diff,192,"{10: 1.0, 9: -1.0}"
13,11,diff,193,"{11: 1.0, 10: -1.0}"
13,12,diff,194,"{12: 1.0, 11: -1.0}"
13,13,diff,195,"{13: 1.0, 12: -1.0}"
13,1,level,183,{1: 1.0}
13,2,level,184,{2: 1.0}
13,3,level,185,{3: 1.0}
13,4,level,186,{4: 1.0}
13,5,level,187,{5: 1.0}
13,6,level,188,{6: 1.0}
13,7,level,189,{7: 1.0}
13,8,level,190,{8: 1.0}
13,9,level,191,{9: 1.0}
13,10,level,192,{10: 1.0}
13,11,level,193,{11: 1.0}
13,12,level,194,{12: 1.0}
13,13,level,195,{13: 1.0}
14,2,diff,198,"{2: 1.0, 1: -1.0}"
14,3,diff,199,"{3: 1.0, 2: -1.0}"
14,4,diff,200,"{4: 1.0, 3: -1.0}"
14,5,diff,201,"{5: 1.0, 4: -1.0}"
14,6,diff,202,"{6: 1.0, 5: -1.0}"
14,7,diff,203,"{7: 1.0, 6: -1.0}"
14,8,diff,204,"{8: 1.0, 7: -1.0}"
14,9,diff,205,"{9: 1.0, 8: -1.0}"
14,10,diff,206,"{10: 1.0, 9: -1.0}"
14,11,diff,207,"{11: 1.0, 10: -1.0}"
14,12,diff,208,"{12: 1.0, 11: -1.0}"
14,13,diff,209,"{13: 1.0, 12: -1.0}"
14,1,level,197,{1: 1.0}
14,2,level,198,{2: 1.0}
14,3,level,199,{3: 1.0}
14,4,level,200,{4: 1.0}
14,5,level,201,{5: 1.0}
14,6,level,202,{6: 1.0}
14,7,level,203,{7: 1.0}
14,8,level,204,{8: 1.0}
14,9,level,205,{9: 1.0}
14,10,level,206,{10: 1.0}
14,11,level,207,{11: 1.0}
14,12,level,208,{12: 1.0}
14,13,level,209,{13: 1.0}
15,2,diff,212,"{2: 1.0, 1: -1.0}"
15,3,diff,213,"{3: 1.0, 2: -1.0}"
15,4,diff,214,"{4: 1.0, 3: -1.0}"
15,5,diff,215,"{5: 1.0, 4: -1.0}"
15,6,diff,216,"{6: 1.0, 5: -1.0}"
15,7,diff,217,"{7: 1.0, 6: -1.0}"
15,8,diff,218,"{8: 1.0, 7: -1.0}"
15,9,diff,219,"{9: 1.0, 8: -1.0}"
15,10,diff,220,"{10: 1.0, 9: -1.0}"
15,11,diff,221,"{11: 1.0, 10: -1.0}"
15,12,diff,222,"{12: 1.0, 11: -1.0}"
15,13,diff,223,"{13: 1.0, 12: -1.0}"
15,1,level,211,{1: 1.0}
15,2,level,212,{2: 1.0}
15,3,level,213,{3: 1.0}
15,4,level,214,{4: 1.0}
15,5,level,215,{5: 1.0}
15,6,level,216,{6: 1.0}
15,7,level,217,{7: 1.0}
15,8,level,218,{8: 1.0}
15,9,level,219,{9: 1.0}
15,10,level,220,{10: 1.0}
15,11,level,221,{11: 1.0}
15,12,level,222,{12: 1.0}
15,13,level,223,{13: 1.0}
16,2,diff,226,"{2: 1.0, 1: -1.0}"
16,3,diff,227,"{3: 1.0, 2: -1.0}"
16,4,diff,228,"{4: 1.0, 3: -1.0}"
16,5,diff,229,"{5: 1.0, 4: -1.0}"
16,6,diff,230,"{6: 1.0, 5: -1.0}"
16,7,diff,231,"{7: 1.0, 6: -1.0}"
16,8,diff,232,"{8: 1.0, 7: -1.0}"
16,9,diff,233,"{9: 1.0, 8: -1.0}"
16,10,diff,234,"{10: 1.0, 9: -1.0}"
16,11,diff,235,"{11: 1.0, 10: -1.0}"
16,12,diff,236,"{12: 1.0, 11: -1.0}"
16,13,diff,237,"{13: 1.0, 12: -1.0}"
16,1,level,225,{1: 1.0}
16,2,level,226,{2: 1.0}
16,3,level,227,{3: 1.0}
16,4,level,228,{4: 1.0}
16,5,level,229,{5: 1.0}
16,6,level,230,{6: 1.0}
16,7,level,231,{7: 1.0}
16,8,level,232,{8: 1.0}
16,9,level,233,{9: 1.0}
16,10,level,234,{10: 1.0}
16,11,level,235,{11: 1.0}
16,12,level,236,{12: 1.0}
16,13,level,237,{13: 1.0}
17,2,diff,240,"{2: 1.0, 1: -1.0}"
17,3,diff,241,"{3: 1.0, 2: -1.0}"
17,4,diff,242,"{4: 1.0, 3: -1.0}"
17,5,diff,243,"{5: 1.0, 4: -1.0}"
17,6,diff,244,"{6: 1.0, 5: -1.0}"
17,7,diff,245,"{7: 1.0, 6: -1.0}"
17,8,diff,246,"{8: 1.0, 7: -1.0}"
17,9,diff,247,"{9: 1.0, 8: -1.0}"
17,10,diff,248,"{10: 1.0, 9: -1.0}"
17,11,diff,249,"{11: 1.0, 10: -1.0}"
17,12,diff,250,"{12: 1.0, 11: -1.0}"
17,13,diff,251,"{13: 1.0, 12: -1.0}"
17,1,level,239,{1: 1.0}
17,2,level,240,{2: 1.0}
17,3,level,241,{3: 1.0}
17,4,level,242,{4: 1.0}
17,5,level,243,{5: 1.0}
17,6,level,244,{6: 1.0}
17,7,level,245,{7: 1.0}
17,8,level,246,{8: 1.0}
17,9,level,247,{9: 1.0}
17,10,level,248,{10: 1.0}
17,11,level,249,{11: 1.0}
17,12,level,250,{12: 1.0}
17,13,level,251,{13: 1.0}
18,2,diff,254,"{2: 1.0, 1: -1.0}"
18,3,diff,255,"{3: 1.0, 2: -1.0}"
18,4,diff,256,"{4: 1.0, 3: -1.0}"
18,5,diff,257,"{5: 1.0, 4: -1.0}"
18,6,diff,258,"{6: 1.0, 5: -1.0}"
18,7,diff,259,"{7: 1.0, 6: -1.0}"
18,8,diff,260,"{8: 1.0, 7: -1.0}"
18,9,diff,261,"{9: 1.0, 8: -1.0}"
18,10,diff,262,"{10: 1.0, 9: -1.0}"
18,11,diff,263,"{11: 1.0, 10: -1.0}"
18,12,diff,264,"{12: 1.0, 11: -1.0}"
18,13,diff,265,"{13: 1.0, 12: -1.0}"
18,1,level,253,{1: 1.0}
18,2,level,254,{2: 1.0}
18,3,level,255,{3: 1.0}
18,4,level,256,{4: 1.0}
18,5,level,257,{5: 1.0}
18,6,level,258,{6: 1.0}
18,7,level,259,{7: 1.0}
18,8,level,260,{8: 1.0}
18,9,level,261,{9: 1.0}
18,10,level,262,{10: 1.0}
18,11,level,263,{11: 1.0}
18,12,level,264,{12: 1.0}
18,13,level,265,{13: 1.0}
19,2,diff,268,"{2: 1.0, 1: -1.0}"
19,3,diff,269,"{3: 1.0, 2: -1.0}"
19,4,diff,270,"{4: 1.0, 3: -1.0}"
19,5,diff,271,"{5: 1.0, 4: -1.0}"
19,6,diff,272,"{6: 1.0, 5: -1.0}"
19,7,diff,273,"{7: 1.0, 6: -1.0}"
19,8,diff,274,"{8: 1.0, 7: -1.0}"
19,9,diff,275,"{9: 1.0, 8: -1.0}"
19,10,diff,276,"{10: 1.0, 9: -1.0}"
19,11,diff,277,"{11: 1.0, 10: -1.0}"
19,12,diff,278,"{12: 1.0, 11: -1.0}"
19,13,diff,279,"{13: 1.0, 12: -1.0}"
19,1,level,267,{1: 1.0}
19,2,level,268,{2: 1.0}
19,3,level,269,{3: 1.0}
19,4,level,270,{4: 1.0}
19,5,level,271,{5: 1.0}
19,6,level,272,{6: 1.0}
19,7,level,273,{7: 1.0}
19,8,level,274,{8: 1.0}
19,9,level,275,{9: 1.0}
19,10,level,276,{10: 1.0}
19,11,level,277,{11: 1.0}
19,12,level,278,{12: 1.0}
19,13,level,279,{13: 1.0}
20,2,diff,282,"{2: 1.0, 1: -1.0}"
20,3,diff,283,"{3: 1.0, 2: -1.0}"
20,4,diff,284,"{4: 1.0, 3: -1.0}"
20,5,diff,285,"{5: 1.0, 4: -1.0}"
20,6,diff,286,"{6: 1.0, 5: -1.0}"
20,7,diff,287,"{7: 1.0, 6: -1.0}"
20,8,diff,288,"{8: 1.0, 7: -1.0}"
20,9,diff,289,"{9: 1.0, 8: -1.0}"
20,10,diff,290,"{10: 1.0, 9: -1.0}"
20,11,diff,291,"{11: 1.0, 10: -1.0}"
20,12,diff,292,"{12: 1.0, 11: -1.0}"
20,13,diff,293,"{13: 1.0, 12: -1.0}"
20,1,level,281,{1: 1.0}
20,2,level,282,{2: 1.0}
20,3,level,283,{3: 1.0}
20,4,level,284,{4: 1.0}
20,5,level,285,{5: 1.0}
20,6,level,286,{6: 1.0}
20,7,level,287,{7: 1.0}
20,8,level,288,{8: 1.0}
20,9,level,289,{9: 1.0}
20,10,level,290,{10: 1.0}
20,11,level,291,{11: 1.0}
20,12,level,292,{12: 1.0}
20,13,level,293,{13: 1.0}
21,2,diff,296,"{2: 1.0, 1: -1.0}"
21,3,diff,297,"{3: 1.0, 2: -1.0}"
21,4,diff,298,"{4: 1.0, 3: -1.0}"
21,5,diff,299,"{5: 1.0, 4: -1.0}"
21,6,diff,300,"{6: 1.0, 5: -1.0}"
21,7,diff,301,"{7: 1.0, 6: -1.0}"
21,8,diff,302,"{8: 1.0, 7: -1.0}"
21,9,diff,303,"{9: 1.0, 8: -1.0}"
21,10,diff,304,"{10: 1.0, 9: -1.0}"
21,11,diff,305,"{11: 1.0, 10: -1.0}"
21,12,diff,306,"{12: 1.0, 11: -1.0}"
21,13,diff,307,"{13: 1.0, 12: -1.0}"
21,1,level,295,{1: 1.0}
21,2,level,296,{2: 1.0}
21,3,level,297,{3: 1.0}
21,4,level,298,{4: 1.0}
21,5,level,299,{5: 1.0}
21,6,level,300,{6: 1.0}
21,7,level,301,{7: 1.0}
21,8,level,302,{8: 1.0}
21,9,level,303,{9: 1.0}
21,10,level,304,{10: 1.0}
21,11,level,305,{11: 1.0}
21,12,level,306,{12: 1.0}
21,13,level,307,{13: 1.0}
22,2,diff,310,"{2: 1.0, 1: -1.0}"
22,3,diff,311,"{3: 1.0, 2: -1.0}"
22,4,diff,312,"{4: 1.0, 3: -1.0}"
22,5,diff,313,"{5: 1.0, 4: -1.0}"
22,6,diff,314,"{6: 1.0, 5: -1.0}"
22,7,diff,315,"{7: 1.0, 6: -1.0}"
22,8,diff,316,"{8: 1.0, 7: -1.0}"
22,9,diff,317,"{9: 1.0, 8: -1.0}"
22,10,diff,318,"{10: 1.0, 9: -1.0}"
22,11,diff,319,"{11: 1.0, 10: -1.0}"
22,12,diff,320,"{12: 1.0, 11: -1.0}"
22,13,diff,321,"{13: 1.0, 12: -1.0}"
22,1,level,309,{1: 1.0}
22,2,level,310,{2: 1.0}
22,3,level,311,{3: 1.0}
22,4,level,312,{4: 1.0}
22,5,level,313,{5: 1.0}
22,6,level,314,{6: 1.0}
22,7,level,315,{7: 1.0}
22,8,level,316,{8: 1.0}
22,9,level,317,{9: 1.0}
22,10,level,318,{10: 1.0}
22,11,level,319,{11: 1.0}
22,12,level,320,{12: 1.0}
22,13,level,321,{13: 1.0}
23,2,diff,324,"{2: 1.0, 1: -1.0}"
23,3,diff,325,"{3: 1.0, 2: -1.0}"
23,4,diff,326,"{4: 1.0, 3: -1.0}"
23,5,diff,327,"{5: 1.0, 4: -1.0}"
23,6,diff,328,"{6: 1.0, 5: -1.0}"
23,7,diff,329,"{7: 1.0, 6: -1.0}"
23,8,diff,330,"{8: 1.0, 7: -1.0}"
23,9,diff,331,"{9: 1.0, 8: -1.0}"
23,10,diff,332,"{10: 1.0, 9: -1.0}"
23,11,diff,333,"{11: 1.0, 10: -1.0}"
23,12,diff,334,"{12: 1.0, 11: -1.0}"
23,13,diff,335,"{13: 1.0, 12: -1.0}"
23,1,level,323,{1: 1.0}
23,2,level,324,{2: 1.0}
23,3,level,325,{3: 1.0}
23,4,level,326,{4: 1.0}
23,5,level,327,{5: 1.0}
23,6,level,328,{6: 1.0}
23,7,level,329,{7: 1.0}
23,8,level,330,{8: 1.0}
23,9,level,331,{9: 1.0}
23,10,level,332,{10: 1.0}
23,11,level,333,{11: 1.0}
23,12,level,334,{12: 1.0}
23,13,level,335,{13: 1.0}
24,2,diff,338,"{2: 1.0, 1: -1.0}"
24,3,diff,339,"{3: 1.0, 2: -1.0}"
24,4,diff,340,"{4: 1.0, 3: -1.0}"
24,5,diff,341,"{5: 1.0, 4: -1.0}"
24,6,diff,342,"{6: 1.0, 5: -1.0}"
24,7,diff,343,"{7: 1.0, 6: -1.0}"
24,8,diff,344,"{8: 1.0, 7: -1.0}"
24,9,diff,345,"{9: 1.0, 8: -1.0}"
24,10,diff,346,"{10: 1.0, 9: -1.0}"
24,11,diff,347,"{11: 1.0, 10: -1.0}"
24,12,diff,348,"{12: 1.0, 11: -1.0}"
24,13,diff,349,"{13: 1.0, 12: -1.0}"
24,1,level,337,{1: 1.0}
24,2,level,338,{2: 1.0}
24,3,level,339,{3: 1.0}
24,4,level,340,{4: 1.0}
24,5,level,341,{5: 1.0}
24,6,level,342,{6: 1.0}
24,7,level,343,{7: 1.0}
24,8,level,344,{8: 1.0}
24,9,level,345,{9: 1.0}
24,10,level,346,{10: 1.0}
24,11,level,347,{11: 1.0}
24,12,level,348,{12: 1.0}
24,13,level,349,{13: 1.0}
25,2,diff,352,"{2: 1.0, 1: -1.0}"
25,3,diff,353,"{3: 1.0, 2: -1.0}"
25,4,diff,354,"{4: 1.0, 3: -1.0}"
25,5,diff,355,"{5: 1.0, 4: -1.0}"
25,6,diff,356,"{6: 1.0, 5: -1.0}"
25,7,diff,357,"{7: 1.0, 6: -1.0}"
25,8,diff,358,"{8: 1.0, 7: -1.0}"
25,9,diff,359,"{9: 1.0, 8: -1.0}"
25,10,diff,360,"{10: 1.0, 9: -1.0}"
25,11,diff,361,"{11: 1.0, 10: -1.0}"
25,12,diff,362,"{12: 1.0, 11: -1.0}"
25,13,diff,363,"{13: 1.0, 12: -1.0}"
25,1,level,351,{1: 1.0}
25,2,level,352,{2: 1.0}
25,3,level,353,{3: 1.0}
25,4,level,354,{4: 1.0}
25,5,level,355,{5: 1.0}
25,6,level,356,{6: 1.0}
25,7,level,357,{7: 1.0}
25,8,level,358,{8: 1.0}
25,9,level,359,{9: 1.0}
25,10,level,360,{10: 1.0}
25,11,level,361,{11: 1.0}
25,12,level,362,{12: 1.0}
25,13,level,363,{13: 1.0}
26,2,diff,366,"{2: 1.0, 1: -1.0}"
26,3,diff,367,"{3: 1.0, 2: -1.0}"
26,4,diff,368,"{4: 1.0, 3: -1.0}"
26,5,diff,369,"{5: 1.0, 4: -1.0}"
26,6,diff,370,"{6: 1.0, 5: -1.0}"
26,7,diff,371,"{7: 1.0, 6: -1.0}"
26,8,diff,372,"{8: 1.0, 7: -1.0}"
26,9,diff,373,"{9: 1.0, 8: -1.0}"
26,10,diff,374,"{10: 1.0, 9: -1.0}"
26,11,diff,375,"{11: 1.0, 10: -1.0}"
26,12,diff,376,"{12: 1.0, 11: -1.0}"
26,13,diff,377,"{13: 1.0, 12: -1.0}"
26,1,level,365,{1: 1.0}
26,2,level,366,{2: 1.0}
26,3,level,367,{3: 1.0}
26,4,level,368,{4: 1.0}
26,5,level,369,{5: 1.0}
26,6,level,370,{6: 1.0}
26,7,level,371,{7: 1.0}
26,8,level,372,{8: 1.0}
26,9,level,373,{9: 1.0}
26,10,level,374,{10: 1.0}
26,11,level,375,{11: 1.0}
26,12,level,376,{12: 1.0}
26,13,level,377,{13: 1.0}
27,2,diff,380,"{2: 1.0, 1: -1.0}"
27,3,diff,381,"{3: 1.0, 2: -1.0}"
27,4,diff,382,"{4: 1.0, 3: -1.0}"
27,5,diff,383,"{5: 1.0, 4: -1.0}"
27,6,diff,384,"{6: 1.0, 5: -1.0}"
27,7,diff,385,"{7: 1.0, 6: -1.0}"
27,8,diff,386,"{8: 1.0, 7: -1.0}"
27,9,diff,387,"{9: 1.0, 8: -1.0}"
27,10,diff,388,"{10: 1.0, 9: -1.0}"
27,11,diff,389,"{11: 1.0, 10: -1.0}"
27,12,diff,390,"{12: 1.0, 11: -1.0}"
27,13,diff,391,"{13: 1.0, 12: -1.0}"
27,1,level,379,{1: 1.0}
27,2,level,380,{2: 1.0}
27,3,level,381,{3: 1.0}
27,4,level,382,{4: 1.0}
27,5,level,383,{5: 1.0}
27,6,level,384,{6: 1.0}
27,7,level,385,{7: 1.0}
27,8,level,386,{8: 1.0}
27,9,level,387,{9: 1.0}
27,10,level,388,{10: 1.0}
27,11,level,389,{11: 1.0}
27,12,level,390,{12: 1.0}
27,13,level,391,{13: 1.0}
28,2,diff,394,"{2: 1.0, 1: -1.0}"
28,3,diff,395,"{3: 1.0, 2: -1.0}"
28,4,diff,396,"{4: 1.0, 3: -1.0}"
28,5,diff,397,"{5: 1.0, 4: -1.0}"
28,6,diff,398,"{6: 1.0, 5: -1.0}"
28,7,diff,399,"{7: 1.0, 6: -1.0}"
28,8,diff,400,"{8: 1.0, 7: -1.0}"
28,9,diff,401,"{9: 1.0, 8: -1.0}"
28,10,diff,402,"{10: 1.0, 9: -1.0}"
28,11,diff,403,"{11: 1.0, 10: -1.0}"
28,12,diff,404,"{12: 1.0, 11: -1.0}"
28,13,diff,405,"{13: 1.0, 12: -1.0}"
28,1,level,393,{1: 1.0}
28,2,level,394,{2: 1.0}
28,3,level,395,{3: 1.0}
28,4,level,396,{4: 1.0}
28,5,level,397,{5: 1.0}
28,6,level,398,{6: 1.0}
28,7,level,399,{7: 1.0}
28,8,level,400,{8: 1.0}
28,9,level,401,{9: 1.0}
28,10,level,402,{10: 1.0}
28,11,level,403,{11: 1.0}
28,12,level,404,{12: 1.0}
28,13,level,405,{13: 1.0}
29,2,diff,408,"{2: 1.0, 1: -1.0}"
29,3,diff,409,"{3: 1.0, 2: -1.0}"
29,4,diff,410,"{4: 1.0, 3: -1.0}"
29,5,diff,411,"{5: 1.0, 4: -1.0}"
29,6,diff,412,"{6: 1.0, 5: -1.0}"
29,7,diff,413,"{7: 1.0, 6: -1.0}"
29,8,diff,414,"{8: 1.0, 7: -1.0}"
29,9,diff,415,"{9: 1.0, 8: -1.0}"
29,10,diff,416,"{10: 1.0, 9: -1.0}"
29,11,diff,417,"{11: 1.0, 10: -1.0}"
29,12,diff,418,"{12: 1.0, 11: -1.0}"
29,13,diff,419,"{13: 1.0, 12: -1.0}"
29,1,level,407,{1: 1.0}
29,2,level,408,{2: 1.0}
29,3,level,409,{3: 1.0}
29,4,level,410,{4: 1.0}
29,5,level,411,{5: 1.0}
29,6,level,412,{6: 1.0}
29,7,level,413,{7: 1.0}
29,8,level,414,{8: 1.0}
29,9,level,415,{9: 1.0}
29,10,level,416,{10: 1.0}
29,11,level,417,{11: 1.0}
29,12,level,418,{12: 1.0}
29,13,level,419,{13: 1.0}
30,2,diff,422,"{2: 1.0, 1: -1.0}"
30,3,diff,423,"{3: 1.0, 2: -1.0}"
30,4,diff,424,"{4: 1.0, 3: -1.0}"
30,5,diff,425,"{5: 1.0, 4: -1.0}"
30,6,diff,426,"{6: 1.0, 5: -1.0}"
30,7,diff,427,"{7: 1.0, 6: -1.0}"
30,8,diff,428,"{8: 1.0, 7: -1.0}"
30,9,diff,429,"{9: 1.0, 8: -1.0}"
30,10,diff,430,"{10: 1.0, 9: -1.0}"
30,11,diff,431,"{11: 1.0, 10: -1.0}"
30,12,diff,432,"{12: 1.0, 11: -1.0}"
30,13,diff,433,"{13: 1.0, 12: -1.0}"
30,1,level,421,{1: 1.0}
30,2,level,422,{2: 1.0}
30,3,level,423,{3: 1.0}
30,4,level,424,{4: 1.0}
30,5,level,425,{5: 1.0}
30,6,level,426,{6: 1.0}
30,7,level,427,{7: 1.0}
30,8,level,428,{8: 1.0}
30,9,level,429,{9: 1.0}
30,10,level,430,{10: 1.0}
30,11,level,431,{11: 1.0}
30,12,level,432,{12: 1.0}
30,13,level,433,{13: 1.0}
31,2,diff,436,"{2: 1.0, 1: -1.0}"
31,3,diff,437,"{3: 1.0, 2: -1.0}"
31,4,diff,438,"{4: 1.0, 3: -1.0}"
31,5,diff,439,"{5: 1.0, 4: -1.0}"
31,6,diff,440,"{6: 1.0, 5: -1.0}"
31,7,diff,441,"{7: 1.0, 6: -1.0}"
31,8,diff,442,"{8: 1.0, 7: -1.0}"
31,9,diff,443,"{9: 1.0, 8: -1.0}"
31,10,diff,444,"{10: 1.0, 9: -1.0}"
31,11,diff,445,"{11: 1.0, 10: -1.0}"
31,12,diff,446,"{12: 1.0, 11: -1.0}"
31,13,diff,447,"{13: 1.0, 12: -1.0}"
31,1,level,435,{1: 1.0}
31,2,level,436,{2: 1.0}
31,3,level,437,{3: 1.0}
31,4,level,438,{4: 1.0}
31,5,level,439,{5: 1.0}
31,6,level,440,{6: 1.0}
31,7,level,441,{7: 1.0}
31,8,level,442,{8: 1.0}
31,9,level,443,{9: 1.0}
31,10,level,444,{10: 1.0}
31,11,level,445,{11: 1.0}
31,12,level,446,{12: 1.0}
31,13,level,447,{13: 1.0}
32,2,diff,450,"{2: 1.0, 1: -1.0}"
32,3,diff,451,"{3: 1.0, 2: -1.0}"
32,4,diff,452,"{4: 1.0, 3: -1.0}"
32,5,diff,453,"{5: 1.0, 4: -1.0}"
32,6,diff,454,"{6: 1.0, 5: -1.0}"
32,7,diff,455,"{7: 1.0, 6: -1.0}"
32,8,diff,456,"{8: 1.0, 7: -1.0}"
32,9,diff,457,"{9: 1.0, 8: -1.0}"
32,10,diff,458,"{10: 1.0, 9: -1.0}"
32,11,diff,459,"{11: 1.0, 10: -1.0}"
32,12,diff,460,"{12: 1.0, 11: -1.0}"
32,13,diff,461,"{13: 1.0, 12: -1.0}"
32,1,level,449,{1: 1.0}
32,2,level,450,{2: 1.0}
32,3,level,451,{3: 1.0}
32,4,level,452,{4: 1.0}
32,5,level,453,{5: 1.0}
32,6,level,454,{6: 1.0}
32,7,level,455,{7: 1.0}
32,8,level,456,{8: 1.0}
32,9,level,457,{9: 1.0}
32,10,level,458,{10: 1.0}
32,11,level,459,{11: 1.0}
32,12,level,460,{12: 1.0}
32,13,level,461,{13: 1.0}
33,2,diff,464,"{2: 1.0, 1: -1.0}"
33,3,diff,465,"{3: 1.0, 2: -1.0}"
33,4,diff,466,"{4: 1.0, 3: -1.0}"
33,5,diff,467,"{5: 1.0, 4: -1.0}"
33,6,diff,468,"{6: 1.0, 5: -1.0}"
33,7,diff,469,"{7: 1.0, 6: -1.0}"
33,8,diff,470,"{8: 1.0, 7: -1.0}"
33,9,diff,471,"{9: 1.0, 8: -1.0}"
33,10,diff,472,"{10: 1.0, 9: -1.0}"
33,11,diff,473,"{11: 1.0, 10: -1.0}"
33,12,diff,474,"{12: 1.0, 11: -1.0}"
33,13,diff,475,"{13: 1.0, 12: -1.0}"
33,1,level,463,{1: 1.0}
33,2,level,464,{2: 1.0}
33,3,level,465,{3: 1.0}
33,4,level,466,{4: 1.0}
33,5,level,467,{5: 1.0}
33,6,level,468,{6: 1.0}
33,7,level,469,{7: 1.0}
33,8,level,470,{8: 1.0}
33,9,level,471,{9: 1.0}
33,10,level,472,{10: 1.0}
33,11,level,473,{11: 1.0}
33,12,level,474,{12: 1.0}
33,13,level,475,{13: 1.0}
34,2,diff,478,"{2: 1.0, 1: -1.0}"
34,3,diff,479,"{3: 1.0, 2: -1.0}"
34,4,diff,480,"{4: 1.0, 3: -1.0}"
34,5,diff,481,"{5: 1.0, 4: -1.0}"
34,6,diff,482,"{6: 1.0, 5: -1.0}"
34,7,diff,483,"{7: 1.0, 6: -1.0}"
34,8,diff,484,"{8: 1.0, 7: -1.0}"
34,9,diff,485,"{9: 1.0, 8: -1.0}"
34,10,diff,486,"{10: 1.0, 9: -1.0}"
34,11,diff,487,"{11: 1.0, 10: -1.0}"
34,12,diff,488,"{12: 1.0, 11: -1.0}"
34,13,diff,489,"{13: 1.0, 12: -1.0}"
34,1,level,477,{1: 1.0}
34,2,level,478,{2: 1.0}
34,3,level,479,{3: 1.0}
34,4,level,480,{4: 1.0}
34,5,level,481,{5: 1.0}
34,6,level,482,{6: 1.0}
34,7,level,483,{7: 1.0}
34,8,level,484,{8: 1.0}
34,9,level,485,{9: 1.0}
34,10,level,486,{10: 1.0}
34,11,level,487,{11: 1.0}
34,12,level,488,{12: 1.0}
34,13,level,489,{13: 1.0}
35,2,diff,492,"{2: 1.0, 1: -1.0}"
35,3,diff,493,"{3: 1.0, 2: -1.0}"
35,4,diff,494,"{4: 1.0, 3: -1.0}"
35,5,diff,495,"{5: 1.0, 4: -1.0}"
35,6,diff,496,"{6: 1.0, 5: -1.0}"
35,7,diff,497,"{7: 1.0, 6: -1.0}"
35,8,diff,498,"{8: 1.0, 7: -1.0}"
35,9,diff,499,"{9: 1.0, 8: -1.0}"
35,10,diff,500,"{10: 1.0, 9: -1.0}"
35,11,diff,501,"{11: 1.0, 10: -1.0}"
35,12,diff,502,"{12: 1.0, 11: -1.0}"
35,13,diff,503,"{13: 1.0, 12: -1.0}"
35,1,level,491,{1: 1.0}
35,2,level,492,{2: 1.0}
35,3,level,493,{3: 1.0}
35,4,level,494,{4: 1.0}
35,5,level,495,{5: 1.0}
35,6,level,496,{6: 1.0}
35,7,level,497,{7: 1.0}
35,8,level,498,{8: 1.0}
35,9,level,499,{9: 1.0}
35,10,level,500,{10: 1.0}
35,11,level,501,{11: 1.0}
35,12,level,502,{12: 1.0}
35,13,level,503,{13: 1.0}
36,2,diff,506,"{2: 1.0, 1: -1.0}"
36,3,diff,507,"{3: 1.0, 2: -1.0}"
36,4,diff,508,"{4: 1.0, 3: -1.0}"
36,5,diff,509,"{5: 1.0, 4: -1.0}"
36,6,diff,510,"{6: 1.0, 5: -1.0}"
36,7,diff,511,"{7: 1.0, 6: -1.0}"
36,8,diff,512,"{8: 1.0, 7: -1.0}"
36,9,diff,513,"{9: 1.0, 8: -1.0}"
36,10,diff,514,"{10: 1.0, 9: -1.0}"
36,11,diff,515,"{11: 1.0, 10: -1.0}"
36,12,diff,516,"{12: 1.0, 11: -1.0}"
36,13,diff,517,"{13: 1.0, 12: -1.0}"
36,1,level,505,{1: 1.0}
36,2,level,506,{2: 1.0}
36,3,level,507,{3: 1.0}
36,4,level,508,{4: 1.0}
36,5,level,509,{5: 1.0}
36,6,level,510,{6: 1.0}
36,7,level,511,{7: 1.0}
36,8,level,512,{8: 1.0}
36,9,level,513,{9: 1.0}
36,10,level,514,{10: 1.0}
36,11,level,515,{11: 1.0}
36,12,level,516,{12: 1.0}
36,13,level,517,{13: 1.0}
37,2,diff,520,"{2: 1.0, 1: -1.0}"
37,3,diff,521,"{3: 1.0, 2: -1.0}"
37,4,diff,522,"{4: 1.0, 3: -1.0}"
37,5,diff,523,"{5: 1.0, 4: -1.0}"
37,6,diff,524,"{6: 1.0, 5: -1.0}"
37,7,diff,525,"{7: 1.0, 6: -1.0}"
37,8,diff,526,"{8: 1.0, 7: -1.0}"
37,9,diff,527,"{9: 1.0, 8: -1.0}"
37,10,diff,528,"{10: 1.0, 9: -1.0}"
37,11,diff,529,"{11: 1.0, 10: -1.0}"
37,12,diff,530,"{12: 1.0, 11: -1.0}"
37,13,diff,531,"{13: 1.0, 12: -1.0}"
37,1,level,519,{1: 1.0}
37,2,level,520,{2: 1.0}
37,3,level,521,{3: 1.0}
37,4,level,522,{4: 1.0}
37,5,level,523,{5: 1.0}
37,6,level,524,{6: 1.0}
37,7,level,525,{7: 1.0}
37,8,level,526,{8: 1.0}
37,9,level,527,{9: 1.0}
37,10,level,528,{10: 1.0}
37,11,level,529,{11: 1.0}
37,12,level,530,{12: 1.0}
37,13,level,531,{13: 1.0}
38,2,diff,534,"{2: 1.0, 1: -1.0}"
38,3,diff,535,"{3: 1.0, 2: -1.0}"
38,4,diff,536,"{4: 1.0, 3: -1.0}"
38,5,diff,537,"{5: 1.0, 4: -1.0}"
38,6,diff,538,"{6: 1.0, 5: -1.0}"
38,7,diff,539,"{7: 1.0, 6: -1.0}"
38,8,diff,540,"{8: 1.0, 7: -1.0}"
38,9,diff,541,"{9: 1.0, 8: -1.0}"
38,10,diff,542,"{10: 1.0, 9: -1.0}"
38,11,diff,543,"{11: 1.0, 10: -1.0}"
38,12,diff,544,"{12: 1.0, 11: -1.0}"
38,13,diff,545,"{13: 1.0, 12: -1.0}"
38,1,level,533,{1: 1.0}
38,2,level,534,{2: 1.0}
38,3,level,535,{3: 1.0}
38,4,level,536,{4: 1.0}
38,5,level,537,{5: 1.0}
38,6,level,538,{6: 1.0}
38,7,level,539,{7: 1.0}
38,8,level,540,{8: 1.0}
38,9,level,541,{9: 1.0}
38,10,level,542,{10: 1.0}
38,11,level,543,{11: 1.0}
38,12,level,544,{12: 1.0}
38,13,level,545,{13: 1.0}
39,2,diff,548,"{2: 1.0, 1: -1.0}"
39,3,diff,549,"{3: 1.0, 2: -1.0}"
39,4,diff,550,"{4: 1.0, 3: -1.0}"
39,5,diff,551,"{5: 1.0, 4: -1.0}"
39,6,diff,552,"{6: 1.0, 5: -1.0}"
39,7,diff,553,"{7: 1.0, 6: -1.0}"
39,8,diff,554,"{8: 1.0, 7: -1.0}"
39,9,diff,555,"{9: 1.0, 8: -1.0}"
39,10,diff,556,"{10: 1.0, 9: -1.0}"
39,11,diff,557,"{11: 1.0, 10: -1.0}"
39,12,diff,558,"{12: 1.0, 11: -1.0}"
39,13,diff,559,"{13: 1.0, 12: -1.0}"
39,1,level,547,{1: 1.0}
39,2,level,548,{2: 1.0}
39,3,level,549,{3: 1.0}
39,4,level,550,{4: 1.0}
39,5,level,551,{5: 1.0}
39,6,level,552,{6: 1.0}
39,7,level,553,{7: 1.0}
39,8,level,554,{8: 1.0}
39,9,level,555,{9: 1.0}
39,10,level,556,{10: 1.0}
39,11,level,557,{11: 1.0}
39,12,level,558,{12: 1.0}
39,13,level,559,{13: 1.0}
40,2,diff,562,"{2: 1.0, 1: -1.0}"
40,3,diff,563,"{3: 1.0, 2: -1.0}"
40,4,diff,564,"{4: 1.0, 3: -1.0}"
40,5,diff,565,"{5: 1.0, 4: -1.0}"
40,6,diff,566,"{6: 1.0, 5: -1.0}"
40,7,diff,567,"{7: 1.0, 6: -1.0}"
40,8,diff,568,"{8: 1.0, 7: -1.0}"
40,9,diff,569,"{9: 1.0, 8: -1.0}"
40,10,diff,570,"{10: 1.0, 9: -1.0}"
40,11,diff,571,"{11: 1.0, 10: -1.0}"
40,12,diff,572,"{12: 1.0, 11: -1.0}"
40,13,diff,573,"{13: 1.0, 12: -1.0}"
40,1,level,561,{1: 1.0}
40,2,level,562,{2: 1.0}
40,3,level,563,{3: 1.0}
40,4,level,564,{4: 1.0}
40,5,level,565,{5: 1.0}
40,6,level,566,{6: 1.0}
40,7,level,567,{7: 1.0}
40,8,level,568,{8: 1.0}
40,9,level,569,{9: 1.0}
40,10,level,570,{10: 1.0}
40,11,level,571,{11: 1.0}
40,12,level,572,{12: 1.0}
40,13,level,573,{13: 1.0}
41,2,diff,576,"{2: 1.0, 1: -1.0}"
41,3,diff,577,"{3: 1.0, 2: -1.0}"
41,4,diff,578,"{4: 1.0, 3: -1.0}"
41,5,diff,579,"{5: 1.0, 4: -1.0}"
41,6,diff,580,"{6: 1.0, 5: -1.0}"
41,7,diff,581,"{7: 1.0, 6: -1.0}"
41,8,diff,582,"{8: 1.0, 7: -1.0}"
41,9,diff,583,"{9: 1.0, 8: -1.0}"
41,10,diff,584,"{10: 1.0, 9: -1.0}"
41,11,diff,585,"{11: 1.0, 10: -1.0}"
41,12,diff,586,"{12: 1.0, 11: -1.0}"
41,13,diff,587,"{13: 1.0, 12: -1.0}"
41,1,level,575,{1: 1.0}
41,2,level,576,{2: 1.0}
41,3,level,577,{3: 1.0}
41,4,level,578,{4: 1.0}
41,5,level,579,{5: 1.0}
41,6,level,580,{6: 1.0}
41,7,level,581,{7: 1.0}
41,8,level,582,{8: 1.0}
41,9,level,583,{9: 1.0}
41,10,level,584,{10: 1.0}
41,11,level,585,{11: 1.0}
41,12,level,586,{12: 1.0}
41,13,level,587,{13: 1.0}
42,2,diff,590,"{2: 1.0, 1: -1.0}"
42,3,diff,591,"{3: 1.0, 2: -1.0}"
42,4,diff,592,"{4: 1.0, 3: -1.0}"
42,5,diff,593,"{5: 1.0, 4: -1.0}"
42,6,diff,594,"{6: 1.0, 5: -1.0}"
42,7,diff,595,"{7: 1.0, 6: -1.0}"
42,8,diff,596,"{8: 1.0, 7: -1.0}"
42,9,diff,597,"{9: 1.0, 8: -1.0}"
42,10,diff,598,"{10: 1.0, 9: -1.0}"
42,11,diff,599,"{11: 1.0, 10: -1.0}"
42,12,diff,600,"{12: 1.0, 11: -1.0}"
42,13,diff,601,"{13: 1.0, 12: -1.0}"
42,1,level,589,{1: 1.0}
42,2,level,590,{2: 1.0}
42,3,level,591,{3: 1.0}
42,4,level,592,{4: 1.0}
42,5,level,593,{5: 1.0}
42,6,level,594,{6: 1.0}
42,7,level,595,{7: 1.0}
42,8,level,596,{8: 1.0}
42,9,level,597,{9: 1.0}
42,10,level,598,{10: 1.0}
42,11,level,599,{11: 1.0}
42,12,level,600,{12: 1.0}
42,13,level,601,{13: 1.0}
43,2,diff,604,"{2: 1.0, 1: -1.0}"
43,3,diff,605,"{3: 1.0, 2: -1.0}"
43,4,diff,606,"{4: 1.0, 3: -1.0}"
43,5,diff,607,"{5: 1.0, 4: -1.0}"
43,6,diff,608,"{6: 1.0, 5: -1.0}"
43,7,diff,609,"{7: 1.0, 6: -1.0}"
43,8,diff,610,"{8: 1.0, 7: -1.0}"
43,9,diff,611,"{9: 1.0, 8: -1.0}"
43,10,diff,612,"{10: 1.0, 9: -1.0}"
43,11,diff,613,"{11: 1.0, 10: -1.0}"
43,12,diff,614,"{12: 1.0, 11: -1.0}"
43,13,diff,615,"{13: 1.0, 12: -1.0}"
43,1,level,603,{1: 1.0}
43,2,level,604,{2: 1.0}
43,3,level,605,{3: 1.0}
43,4,level,606,{4: 1.0}
43,5,level,607,{5: 1.0}
43,6,level,608,{6: 1.0}
43,7,level,609,{7: 1.0}
43,8,level,610,{8: 1.0}
43,9,level,611,{9: 1.0}
43,10,level,612,{10: 1.0}
43,11,level,613,{11: 1.0}
43,12,level,614,{12: 1.0}
43,13,level,615,{13: 1.0}
44,2,diff,618,"{2: 1.0, 1: -1.0}"
44,3,diff,619,"{3: 1.0, 2: -1.0}"
44,4,diff,620,"{4: 1.0, 3: -1.0}"
44,5,diff,621,"{5: 1.0, 4: -1.0}"
44,6,diff,622,"{6: 1.0, 5: -1.0}"
44,7,diff,623,"{7: 1.0, 6: -1.0}"
44,8,diff,624,"{8: 1.0, 7: -1.0}"
44,9,diff,625,"{9: 1.0, 8: -1.0}"
44,10,diff,626,"{10: 1.0, 9: -1.0}"
44,11,diff,627,"{11: 1.0, 10: -1.0}"
44,12,diff,628,"{12: 1.0, 11: -1.0}"
44,13,diff,629,"{13: 1.0, 12: -1.0}"
44,1,level,617,{1: 1.0}
44,2,level,618,{2: 1.0}
44,3,level,619,{3: 1.0}
44,4,level,620,{4: 1.0}
44,5,level,621,{5: 1.0}
44,6,level,622,{6: 1.0}
44,7,level,623,{7: 1.0}
44,8,level,624,{8: 1.0}
44,9,level,625,{9: 1.0}
44,10,level,626,{10: 1.0}
44,11,level,627,{11: 1.0}
44,12,level,628,{12: 1.0}
44,13,level,629,{13: 1.0}
45,2,diff,632,"{2: 1.0, 1: -1.0}"
45,3,diff,633,"{3: 1.0, 2: -1.0}"
45,4,diff,634,"{4: 1.0, 3: -1.0}"
45,5,diff,635,"{5: 1.0, 4: -1.0}"
45,6,diff,636,"{6: 1.0, 5: -1.0}"
45,7,diff,637,"{7: 1.0, 6: -1.0}"
45,8,diff,638,"{8: 1.0, 7: -1.0}"
45,9,diff,639,"{9: 1.0, 8: -1.0}"
45,10,diff,640,"{10: 1.0, 9: -1.0}"
45,11,diff,641,"{11: 1.0, 10: -1.0}"
45,12,diff,642,"{12: 1.0, 11: -1.0}"
45,13,diff,643,"{13: 1.0, 12: -1.0}"
45,1,level,631,{1: 1.0}
45,2,level,632,{2: 1.0}
45,3,level,633,{3: 1.0}
45,4,level,634,{4: 1.0}
45,5,level,635,{5: 1.0}
45,6,level,636,{6: 1.0}
45,7,level,637,{7: 1.0}
45,8,level,638,{8: 1.0}
45,9,level,639,{9: 1.0}
45,10,level,640,{10: 1.0}
45,11,level,641,{11: 1.0}
45,12,level,642,{12: 1.0}
45,13,level,643,{13: 1.0}
46,2,diff,646,"{2: 1.0, 1: -1.0}"
46,3,diff,647,"{3: 1.0, 2: -1.0}"
46,4,diff,648,"{4: 1.0, 3: -1.0}"
46,5,diff,649,"{5: 1.0, 4: -1.0}"
46,6,diff,650,"{6: 1.0, 5: -1.0}"
46,7,diff,651,"{7: 1.0, 6: -1.0}"
46,8,diff,652,"{8: 1.0, 7: -1.0}"
46,9,diff,653,"{9: 1.0, 8: -1.0}"
46,10,diff,654,"{10: 1.0, 9: -1.0}"
46,11,diff,655,"{11: 1.0, 10: -1.0}"
46,12,diff,656,"{12: 1.0, 11: -1.0}"
46,13,diff,657,"{13: 1.0, 12: -1.0}"
46,1,level,645,{1: 1.0}
46,2,level,646,{2: 1.0}
46,3,level,647,{3: 1.0}
46,4,level,648,{4: 1.0}
46,5,level,649,{5: 1.0}
46,6,level,650,{6: 1.0}
46,7,level,651,{7: 1.0}
46,8,level,652,{8: 1.0}
46,9,level,653,{9: 1.0}
46,10,level,654,{10: 1.0}
46,11,level,655,{11: 1.0}
46,12,level,656,{12: 1.0}
46,13,level,657,{13: 1.0}
47,2,diff,660,"{2: 1.0, 1: -1.0}"
47,3,diff,661,"{3: 1.0, 2: -1.0}"
47,4,diff,662,"{4: 1.0, 3: -1.0}"
47,5,diff,663,"{5: 1.0, 4: -1.0}"
47,6,diff,664,"{6: 1.0, 5: -1.0}"
47,7,diff,665,"{7: 1.0, 6: -1.0}"
47,8,diff,666,"{8: 1.0, 7: -1.0}"
47,9,diff,667,"{9: 1.0, 8: -1.0}"
47,10,diff,668,"{10: 1.0, 9: -1.0}"
47,11,diff,669,"{11: 1.0, 10: -1.0}"
47,12,diff,670,"{12: 1.0, 11: -1.0}"
47,13,diff,671,"{13: 1.0, 12: -1.0}"
47,1,level,659,{1: 1.0}
47,2,level,660,{2: 1.0}
47,3,level,661,{3: 1.0}
47,4,level,662,{4: 1.0}
47,5,level,663,{5: 1.0}
47,6,level,664,{6: 1.0}
47,7,level,665,{7: 1.0}
47,8,level,666,{8: 1.0}
47,9,level,667,{9: 1.0}
47,10,level,668,{10: 1.0}
47,11,level,669,{11: 1.0}
47,12,level,670,{12: 1.0}
47,13,level,671,{13: 1.0}
48,2,diff,674,"{2: 1.0, 1: -1.0}"
48,3,diff,675,"{3: 1.0, 2: -1.0}"
48,4,diff,676,"{4: 1.0, 3: -1.0}"
48,5,diff,677,"{5: 1.0, 4: -1.0}"
48,6,diff,678,"{6: 1.0, 5: -1.0}"
48,7,diff,679,"{7: 1.0, 6: -1.0}"
48,8,diff,680,"{8: 1.0, 7: -1.0}"
48,9,diff,681,"{9: 1.0, 8: -1.0}"
48,10,diff,682,"{10: 1.0, 9: -1.0}"
48,11,diff,683,"{11: 1.0, 10: -1.0}"
48,12,diff,684,"{12: 1.0, 11: -1.0}"
48,13,diff,685,"{13: 1.0, 12: -1.0}"
48,1,level,673,{1: 1.0}
48,2,level,674,{2: 1.0}
48,3,level,675,{3: 1.0}
48,4,level,676,{4: 1.0}
48,5,level,677,{5: 1.0}
48,6,level,678,{6: 1.0}
48,7,level,679,{7: 1.0}
48,8,level,680,{8: 1.0}
48,9,level,681,{9: 1.0}
48,10,level,682,{10: 1.0}
48,11,level,683,{11: 1.0}
48,12,level,684,{12: 1.0}
48,13,level,685,{13: 1.0}
49,2,diff,688,"{2: 1.0, 1: -1.0}"
49,3,diff,689,"{3: 1.0, 2: -1.0}"
49,4,diff,690,"{4: 1.0, 3: -1.0}"
49,5,diff,691,"{5: 1.0, 4: -1.0}"
49,6,diff,692,"{6: 1.0, 5: -1.0}"
49,7,diff,693,"{7: 1.0, 6: -1.0}"
49,8,diff,694,"{8: 1.0, 7: -1.0}"
49,9,diff,695,"{9: 1.0, 8: -1.0}"
49,10,diff,696,"{10: 1.0, 9: -1.0}"
49,11,diff,697,"{11: 1.0, 10: -1.0}"
49,12,diff,698,"{12: 1.0, 11: -1.0}"
49,13,diff,699,"{13: 1.0, 12: -1.0}"
49,1,level,687,{1: 1.0}
49,2,level,688,{2: 1.0}
49,3,level,689,{3: 1.0}
49,4,level,690,{4: 1.0}
49,5,level,691,{5: 1.0}
49,6,level,692,{6: 1.0}
49,7,level,693,{7: 1.0}
49,8,level,694,{8: 1.0}
49,9,level,695,{9: 1.0}
49,10,level,696,{10: 1.0}
49,11,level,697,{11: 1.0}
49,12,level,698,{12: 1.0}
49,13,level,699,{13: 1.0}
50,2,diff,702,"{2: 1.0, 1: -1.0}"
50,3,diff,703,"{3: 1.0, 2: -1.0}"
50,4,diff,704,"{4: 1.0, 3: -1.0}"
50,5,diff,705,"{5: 1.0, 4: -1.0}"
50,6,diff,706,"{6: 1.0, 5: -1.0}"
50,7,diff,707,"{7: 1.0, 6: -1.0}"
50,8,diff,708,"{8: 1.0, 7: -1.0}"
50,9,diff,709,"{9: 1.0, 8: -1.0}"
50,10,diff,710,"{10: 1.0, 9: -1.0}"
50,11,diff,711,"{11: 1.0, 10: -1.0}"
50,12,diff,712,"{12: 1.0, 11: -1.0}"
50,13,diff,713,"{13: 1.0, 12: -1.0}"
50,1,level,701,{1: 1.0}
50,2,level,702,{2: 1.0}
50,3,level,703,{3: 1.0}
50,4,level,704,{4: 1.0}
50,5,level,705,{5: 1.0}
50,6,level,706,{6: 1.0}
50,7,level,707,{7: 1.0}
50,8,level,708,{8: 1.0}
50,9,level,709,{9: 1.0}
50,10,level,710,{10: 1.0}
50,11,level,711,{11: 1.0}
50,12,level,712,{12: 1.0}
50,13,level,713,{13: 1.0}
51,2,diff,716,"{2: 1.0, 1: -1.0}"
51,3,diff,717,"{3: 1.0, 2: -1.0}"
51,4,diff,718,"{4: 1.0, 3: -1.0}"
51,5,diff,719,"{5: 1.0, 4: -1.0}"
51,6,diff,720,"{6: 1.0, 5: -1.0}"
51,7,diff,721,"{7: 1.0, 6: -1.0}"
51,8,diff,722,"{8: 1.0, 7: -1.0}"
51,9,diff,723,"{9: 1.0, 8: -1.0}"
51,10,diff,724,"{10: 1.0, 9: -1.0}"
51,11,diff,725,"{11: 1.0, 10: -1.0}"
51,12,diff,726,"{12: 1.0, 11: -1.0}"
51,13,diff,727,"{13: 1.0, 12: -1.0}"
51,1,level,715,{1: 1.0}
51,2,level,716,{2: 1.0}
51,3,level,717,{3: 1.0}
51,4,level,718,{4: 1.0}
51,5,level,719,{5: 1.0}
51,6,level,720,{6: 1.0}
51,7,level,721,{7: 1.0}
51,8,level,722,{8: 1.0}
51,9,level,723,{9: 1.0}
51,10,level,724,{10: 1.0}
51,11,level,725,{11: 1.0}
51,12,level,726,{12: 1.0}
51,13,level,727,{13: 1.0}
52,2,diff,730,"{2: 1.0, 1: -1.0}"
52,3,diff,731,"{3: 1.0, 2: -1.0}"
52,4,diff,732,"{4: 1.0, 3: -1.0}"
52,5,diff,733,"{5: 1.0, 4: -1.0}"
52,6,diff,734,"{6: 1.0, 5: -1.0}"
52,7,diff,735,"{7: 1.0, 6: -1.0}"
52,8,diff,736,"{8: 1.0, 7: -1.0}"
52,9,diff,737,"{9: 1.0, 8: -1.0}"
52,10,diff,738,"{10: 1.0, 9: -1.0}"
52,11,diff,739,"{11: 1.0, 10: -1.0}"
52,12,diff,740,"{12: 1.0, 11: -1.0}"
52,13,diff,741,"{13: 1.0, 12: -1.0}"
52,1,level,729,{1: 1.0}
52,2,level,730,{2: 1.0}
52,3,level,731,{3: 1.0}
52,4,level,732,{4: 1.0}
52,5,level,733,{5: 1.0}
52,6,level,734,{6: 1.0}
52,7,level,735,{7: 1.0}
52,8,level,736,{8: 1.0}
52,9,level,737,{9: 1.0}
52,10,level,738,{10: 1.0}
52,11,level,739,{11: 1.0}
52,12,level,740,{12: 1.0}
52,13,level,741,{13: 1.0}
53,2,diff,744,"{2: 1.0, 1: -1.0}"
53,3,diff,745,"{3: 1.0, 2: -1.0}"
53,4,diff,746,"{4: 1.0, 3: -1.0}"
53,5,diff,747,"{5: 1.0, 4: -1.0}"
53,6,diff,748,"{6: 1.0, 5: -1.0}"
53,7,diff,749,"{7: 1.0, 6: -1.0}"
53,8,diff,750,"{8: 1.0, 7: -1.0}"
53,9,diff,751,"{9: 1.0, 8: -1.0}"
53,10,diff,752,"{10: 1.0, 9: -1.0}"
53,11,diff,753,"{11: 1.0, 10: -1.0}"
53,12,diff,754,"{12: 1.0, 11: -1.0}"
53,13,diff,755,"{13: 1.0, 12: -1.0}"
53,1,level,743,{1: 1.0}
53,2,level,744,{2: 1.0}
53,3,level,745,{3: 1.0}
53,4,level,746,{4: 1.0}
53,5,level,747,{5: 1.0}
53,6,level,748,{6: 1.0}
53,7,level,749,{7: 1.0}
53,8,level,750,{8: 1.0}
53,9,level,751,{9: 1.0}
53,10,level,752,{10: 1.0}
53,11,level,753,{11: 1.0}
53,12,level,754,{12: 1.0}
53,13,level,755,{13: 1.0}
54,2,diff,758,"{2: 1.0, 1: -1.0}"
54,3,diff,759,"{3: 1.0, 2: -1.0}"
54,4,diff,760,"{4: 1.0, 3: -1.0}"
54,5,diff,761,"{5: 1.0, 4: -1.0}"
54,6,diff,762,"{6: 1.0, 5: -1.0}"
54,7,diff,763,"{7: 1.0, 6: -1.0}"
54,8,diff,764,"{8: 1.0, 7: -1.0}"
54,9,diff,765,"{9: 1.0, 8: -1.0}"
54,10,diff,766,"{10: 1.0, 9: -1.0}"
54,11,diff,767,"{11: 1.0, 10: -1.0}"
54,12,diff,768,"{12: 1.0, 11: -1.0}"
54,13,diff,769,"{13: 1.0, 12: -1.0}"
54,1,level,757,{1: 1.0}
54,2,level,758,{2: 1.0}
54,3,level,759,{3: 1.0}
54,4,level,760,{4: 1.0}
54,5,level,761,{5: 1.0}
54,6,level,762,{6: 1.0}
54,7,level,763,{7: 1.0}
54,8,level,764,{8: 1.0}
54,9,level,765,{9: 1.0}
54,10,level,766,{10: 1.0}
54,11,level,767,{11: 1.0}
54,12,level,768,{12: 1.0}
54,13,level,769,{13: 1.0}
55,2,diff,772,"{2: 1.0, 1: -1.0}"
55,3,diff,773,"{3: 1.0, 2: -1.0}"
55,4,diff,774,"{4: 1.0, 3: -1.0}"
55,5,diff,775,"{5: 1.0, 4: -1.0}"
55,6,diff,776,"{6: 1.0, 5: -1.0}"
55,7,diff,777,"{7: 1.0, 6: -1.0}"
55,8,diff,778,"{8: 1.0, 7: -1.0}"
55,9,diff,779,"{9: 1.0, 8: -1.0}"
55,10,diff,780,"{10: 1.0, 9: -1.0}"
55,11,diff,781,"{11: 1.0, 10: -1.0}"
55,12,diff,782,"{12: 1.0, 11: -1.0}"
55,13,diff,783,"{13: 1.0, 12: -1.0}"
55,1,level,771,{1: 1.0}
55,2,level,772,{2: 1.0}
55,3,level,773,{3: 1.0}
55,4,level,774,{4: 1.0}
55,5,level,775,{5: 1.0}
55,6,level,776,{6: 1.0}
55,7,level,777,{7: 1.0}
55,8,level,778,{8: 1.0}
55,9,level,779,{9: 1.0}
55,10,level,780,{10: 1.0}
55,11,level,781,{11: 1.0}
55,12,level,782,{12: 1.0}
55,13,level,783,{13: 1.0}
56,2,diff,786,"{2: 1.0, 1: -1.0}"
56,3,diff,787,"{3: 1.0, 2: -1.0}"
56,4,diff,788,"{4: 1.0, 3: -1.0}"
56,5,diff,789,"{5: 1.0, 4: -1.0}"
56,6,diff,790,"{6: 1.0, 5: -1.0}"
56,7,diff,791,"{7: 1.0, 6: -1.0}"
56,8,diff,792,"{8: 1.0, 7: -1.0}"
56,9,diff,793,"{9: 1.0, 8: -1.0}"
56,10,diff,794,"{10: 1.0, 9: -1.0}"
56,11,diff,795,"{11: 1.0, 10: -1.0}"
56,12,diff,796,"{12: 1.0, 11: -1.0}"
56,13,diff,797,"{13: 1.0, 12: -1.0}"
56,1,level,785,{1: 1.0}
56,2,level,786,{2: 1.0}
56,3,level,787,{3: 1.0}
56,4,level,788,{4: 1.0}
56,5,level,789,{5: 1.0}
56,6,level,790,{6: 1.0}
56,7,level,791,{7: 1.0}
56,8,level,792,{8: 1.0}
56,9,level,793,{9: 1.0}
56,10,level,794,{10: 1.0}
56,11,level,795,{11: 1.0}
56,12,level,796,{12: 1.0}
56,13,level,797,{13: 1.0}
57,2,diff,800,"{2: 1.0, 1: -1.0}"
57,3,diff,801,"{3: 1.0, 2: -1.0}"
57,4,diff,802,"{4: 1.0, 3: -1.0}"
57,5,diff,803,"{5: 1.0, 4: -1.0}"
57,6,diff,804,"{6: 1.0, 5: -1.0}"
57,7,diff,805,"{7: 1.0, 6: -1.0}"
57,8,diff,806,"{8: 1.0, 7: -1.0}"
57,9,diff,807,"{9: 1.0, 8: -1.0}"
57,10,diff,808,"{10: 1.0, 9: -1.0}"
57,11,diff,809,"{11: 1.0, 10: -1.0}"
57,12,diff,810,"{12: 1.0, 11: -1.0}"
57,13,diff,811,"{13: 1.0, 12: -1.0}"
57,1,level,799,{1: 1.0}
57,2,level,800,{2: 1.0}
57,3,level,801,{3: 1.0}
57,4,level,802,{4: 1.0}
57,5,level,803,{5: 1.0}
57,6,level,804,{6: 1.0}
57,7,level,805,{7: 1.0}
57,8,level,806,{8: 1.0}
57,9,level,807,{9: 1.0}
57,10,level,808,{10: 1.0}
57,11,level,809,{11: 1.0}
57,12,level,810,{12: 1.0}
57,13,level,811,{13: 1.0}
58,2,diff,814,"{2: 1.0, 1: -1.0}"
58,3,diff,815,"{3: 1.0, 2: -1.0}"
58,4,diff,816,"{4: 1.0, 3: -1.0}"
58,5,diff,817,"{5: 1.0, 4: -1.0}"
58,6,diff,818,"{6: 1.0, 5: -1.0}"
58,7,diff,819,"{7: 1.0, 6: -1.0}"
58,8,diff,820,"{8: 1.0, 7: -1.0}"
58,9,diff,821,"{9: 1.0, 8: -1.0}"
58,10,diff,822,"{10: 1.0, 9: -1.0}"
58,11,diff,823,"{11: 1.0, 10: -1.0}"
58,12,diff,824,"{12: 1.0, 11: -1.0}"
58,13,diff,825,"{13: 1.0, 12: -1.0}"
58,1,level,813,{1: 1.0}
58,2,level,814,{2: 1.0}
58,3,level,815,{3: 1.0}
58,4,level,816,{4: 1.0}
58,5,level,817,{5: 1.0}
58,6,level,818,{6: 1.0}
58,7,level,819,{7: 1.0}
58,8,level,820,{8: 1.0}
58,9,level,821,{9: 1.0}
58,10,level,822,{10: 1.0}
58,11,level,823,{11: 1.0}
58,12,level,824,{12: 1.0}
58,13,level,825,{13: 1.0}
59,2,diff,828,"{2: 1.0, 1: -1.0}"
59,3,diff,829,"{3: 1.0, 2: -1.0}"
59,4,diff,830,"{4: 1.0, 3: -1.0}"
59,5,diff,831,"{5: 1.0, 4: -1.0}"
59,6,diff,832,"{6: 1.0, 5: -1.0}"
59,7,diff,833,"{7: 1.0, 6: -1.0}"
59,8,diff,834,"{8: 1.0, 7: -1.0}"
59,9,diff,835,"{9: 1.0, 8: -1.0}"
59,10,diff,836,"{10: 1.0, 9: -1.0}"
59,11,diff,837,"{11: 1.0, 10: -1.0}"
59,12,diff,838,"{12: 1.0, 11: -1.0}"
59,13,diff,839,"{13: 1.0, 12: -1.0}"
59,1,level,827,{1: 1.0}
59,2,level,828,{2: 1.0}
59,3,level,829,{3: 1.0}
59,4,level,830,{4: 1.0}
59,5,level,831,{5: 1.0}
59,6,level,832,{6: 1.0}
59,7,level,833,{7: 1.0}
59,8,level,834,{8: 1.0}
59,9,level,835,{9: 1.0}
59,10,level,836,{10: 1.0}
59,11,level,837,{11: 1.0}
59,12,level,838,{12: 1.0}
59,13,level,839,{13: 1.0}
60,2,diff,842,"{2: 1.0, 1: -1.0}"
60,3,diff,843,"{3: 1.0, 2: -1.0}"
60,4,diff,844,"{4: 1.0, 3: -1.0}"
60,5,diff,845,"{5: 1.0, 4: -1.0}"
60,6,diff,846,"{6: 1.0, 5: -1.0}"
60,7,diff,847,"{7: 1.0, 6: -1.0}"
60,8,diff,848,"{8: 1.0, 7: -1.0}"
60,9,diff,849,"{9: 1.0, 8: -1.0}"
60,10,diff,850,"{10: 1.0, 9: -1.0}"
60,11,diff,851,"{11: 1.0, 10: -1.0}"
60,12,diff,852,"{12: 1.0, 11: -1.0}"
60,13,diff,853,"{13: 1.0, 12: -1.0}"
60,1,level,841,{1: 1.0}
60,2,level,842,{2: 1.0}
60,3,level,843,{3: 1.0}
60,4,level,844,{4: 1.0}
60,5,level,845,{5: 1.0}
60,6,level,846,{6: 1.0}
60,7,level,847,{7: 1.0}
60,8,level,848,{8: 1.0}
60,9,level,849,{9: 1.0}
60,10,level,850,{10: 1.0}
60,11,level,851,{11: 1.0}
60,12,level,852,{12: 1.0}
60,13,level,853,{13: 1.0}
61,2,diff,856,"{2: 1.0, 1: -1.0}"
61,3,diff,857,"{3: 1.0, 2: -1.0}"
61,4,diff,858,"{4: 1.0, 3: -1.0}"
61,5,diff,859,"{5: 1.0, 4: -1.0}"
61,6,diff,860,"{6: 1.0, 5: -1.0}"
61,7,diff,861,"{7: 1.0, 6: -1.0}"
61,8,diff,862,"{8: 1.0, 7: -1.0}"
61,9,diff,863,"{9: 1.0, 8: -1.0}"
61,10,diff,864,"{10: 1.0, 9: -1.0}"
61,11,diff,865,"{11: 1.0, 10: -1.0}"
61,12,diff,866,"{12: 1.0, 11: -1.0}"
61,13,diff,867,"{13: 1.0, 12: -1.0}"
61,1,level,855,{1: 1.0}
61,2,level,856,{2: 1.0}
61,3,level,857,{3: 1.0}
61,4,level,858,{4: 1.0}
61,5,level,859,{5: 1.0}
61,6,level,860,{6: 1.0}
61,7,level,861,{7: 1.0}
61,8,level,862,{8: 1.0}
61,9,level,863,{9: 1.0}
61,10,level,864,{10: 1.0}
61,11,level,865,{11: 1.0}
61,12,level,866,{12: 1.0}
61,13,level,867,{13: 1.0}
62,2,diff,870,"{2: 1.0, 1: -1.0}"
62,3,diff,871,"{3: 1.0, 2: -1.0}"
62,4,diff,872,"{4: 1.0, 3: -1.0}"
62,5,diff,873,"{5: 1.0, 4: -1.0}"
62,6,diff,874,"{6: 1.0, 5: -1.0}"
62,7,diff,875,"{7: 1.0, 6: -1.0}"
62,8,diff,876,"{8: 1.0, 7: -1.0}"
62,9,diff,877,"{9: 1.0, 8: -1.0}"
62,10,diff,878,"{10: 1.0, 9: -1.0}"
62,11,diff,879,"{11: 1.0, 10: -1.0}"
62,12,diff,880,"{12: 1.0, 11: -1.0}"
62,13,diff,881,"{13: 1.0, 12: -1.0}"
62,1,level,869,{1: 1.0}
62,2,level,870,{2: 1.0}
62,3,level,871,{3: 1.0}
62,4,level,872,{4: 1.0}
62,5,level,873,{5: 1.0}
62,6,level,874,{6: 1.0}
62,7,level,875,{7: 1.0}
62,8,level,876,{8: 1.0}
62,9,level,877,{9: 1.0}
62,10,level,878,{10: 1.0}
62,11,level,879,{11: 1.0}
62,12,level,880,{12: 1.0}
62,13,level,881,{13: 1.0}
63,2,diff,884,"{2: 1.0, 1: -1.0}"
63,3,diff,885,"{3: 1.0, 2: -1.0}"
63,4,diff,886,"{4: 1.0, 3: -1.0}"
63,5,diff,887,"{5: 1.0, 4: -1.0}"
63,6,diff,888,"{6: 1.0, 5: -1.0}"
63,7,diff,889,"{7: 1.0, 6: -1.0}"
63,8,diff,890,"{8: 1.0, 7: -1.0}"
63,9,diff,891,"{9: 1.0, 8: -1.0}"
63,10,diff,892,"{10: 1.0, 9: -1.0}"
63,11,diff,893,"{11: 1.0, 10: -1.0}"
63,12,diff,894,"{12: 1.0, 11: -1.0}"
63,13,diff,895,"{13: 1.0, 12: -1.0}"
63,1,level,883,{1: 1.0}
63,2,level,884,{2: 1.0}
63,3,level,885,{3: 1.0}
63,4,level,886,{4: 1.0}
63,5,level,887,{5: 1.0}
63,6,level,888,{6: 1.0}
63,7,level,889,{7: 1.0}
63,8,level,890,{8: 1.0}
63,9,level,891,{9: 1.0}
63,10,level,892,{10: 1.0}
63,11,level,893,{11: 1.0}
63,12,level,894,{12: 1.0}
63,13,level,895,{13: 1.0}
64,2,diff,898,"{2: 1.0, 1: -1.0}"
64,3,diff,899,"{3: 1.0, 2: -1.0}"
64,4,diff,900,"{4: 1.0, 3: -1.0}"
64,5,diff,901,"{5: 1.0, 4: -1.0}"
64,6,diff,902,"{6: 1.0, 5: -1.0}"
64,7,diff,903,"{7: 1.0, 6: -1.0}"
64,8,diff,904,"{8: 1.0, 7: -1.0}"
64,9,diff,905,"{9: 1.0, 8: -1.0}"
64,10,diff,906,"{10: 1.0, 9: -1.0}"
64,11,diff,907,"{11: 1.0, 10: -1.0}"
64,12,diff,908,"{12: 1.0, 11: -1.0}"
64,13,diff,909,"{13: 1.0, 12: -1.0}"
64,1,level,897,{1: 1.0}
64,2,level,898,{2: 1.0}
64,3,level,899,{3: 1.0}
64,4,level,900,{4: 1.0}
64,5,level,901,{5: 1.0}
64,6,level,902,{6: 1.0}
64,7,level,903,{7: 1.0}
64,8,level,904,{8: 1.0}
64,9,level,905,{9: 1.0}
64,10,level,906,{10: 1.0}
64,11,level,907,{11: 1.0}
64,12,level,908,{12: 1.0}
64,13,level,909,{13: 1.0}
65,2,diff,912,"{2: 1.0, 1: -1.0}"
65,3,diff,913,"{3: 1.0, 2: -1.0}"
65,4,diff,914,"{4: 1.0, 3: -1.0}"
65,5,diff,915,"{5: 1.0, 4: -1.0}"
65,6,diff,916,"{6: 1.0, 5: -1.0}"
65,7,diff,917,"{7: 1.0, 6: -1.0}"
65,8,diff,918,"{8: 1.0, 7: -1.0}"
65,9,diff,919,"{9: 1.0, 8: -1.0}"
65,10,diff,920,"{10: 1.0, 9: -1.0}"
65,11,diff,921,"{11: 1.0, 10: -1.0}"
65,12,diff,922,"{12: 1.0, 11: -1.0}"
65,13,diff,923,"{13: 1.0, 12: -1.0}"
65,1,level,911,{1: 1.0}
65,2,level,912,{2: 1.0}
65,3,level,913,{3: 1.0}
65,4,level,914,{4: 1.0}
65,5,level,915,{5: 1.0}
65,6,level,916,{6: 1.0}
65,7,level,917,{7: 1.0}
65,8,level,918,{8: 1.0}
65,9,level,919,{9: 1.0}
65,10,level,920,{10: 1.0}
65,11,level,921,{11: 1.0}
65,12,level,922,{12: 1.0}
65,13,level,923,{13: 1.0}
66,2,diff,926,"{2: 1.0, 1: -1.0}"
66,3,diff,927,"{3: 1.0, 2: -1.0}"
66,4,diff,928,"{4: 1.0, 3: -1.0}"
66,5,diff,929,"{5: 1.0, 4: -1.0}"
66,6,diff,930,"{6: 1.0, 5: -1.0}"
66,7,diff,931,"{7: 1.0, 6: -1.0}"
66,8,diff,932,"{8: 1.0, 7: -1.0}"
66,9,diff,933,"{9: 1.0, 8: -1.0}"
66,10,diff,934,"{10: 1.0, 9: -1.0}"
66,11,diff,935,"{11: 1.0, 10: -1.0}"
66,12,diff,936,"{12: 1.0, 11: -1.0}"
66,13,diff,937,"{13: 1.0, 12: -1.0}"
66,1,level,925,{1: 1.0}
66,2,level,926,{2: 1.0}
66,3,level,927,{3: 1.0}
66,4,level,928,{4: 1.0}
66,5,level,929,{5: 1.0}
66,6,level,930,{6: 1.0}
66,7,level,931,{7: 1.0}
66,8,level,932,{8: 1.0}
66,9,level,933,{9: 1.0}
66,10,level,934,{10: 1.0}
66,11,level,935,{11: 1.0}
66,12,level,936,{12: 1.0}
66,13,level,937,{13: 1.0}
67,2,diff,940,"{2: 1.0, 1: -1.0}"
67,3,diff,941,"{3: 1.0, 2: -1.0}"
67,4,diff,942,"{4: 1.0, 3: -1.0}"
67,5,diff,943,"{5: 1.0, 4: -1.0}"
67,6,diff,944,"{6: 1.0, 5: -1.0}"
67,7,diff,945,"{7: 1.0, 6: -1.0}"
67,8,diff,946,"{8: 1.0, 7: -1.0}"
67,9,diff,947,"{9: 1.0, 8: -1.0}"
67,10,diff,948,"{10: 1.0, 9: -1.0}"
67,11,diff,949,"{11: 1.0, 10: -1.0}"
67,12,diff,950,"{12: 1.0, 11: -1.0}"
67,13,diff,951,"{13: 1.0, 12: -1.0}"
67,1,level,939,{1: 1.0}
67,2,level,940,{2: 1.0}
67,3,level,941,{3: 1.0}
67,4,level,942,{4: 1.0}
67,5,level,943,{5: 1.0}
67,6,level,944,{6: 1.0}
67,7,level,945,{7: 1.0}
67,8,level,946,{8: 1.0}
67,9,level,947,{9: 1.0}
67,10,level,948,{10: 1.0}
67,11,level,949,{11: 1.0}
67,12,level,950,{12: 1.0}
67,13,level,951,{13: 1.0}
68,2,diff,954,"{2: 1.0, 1: -1.0}"
68,3,diff,955,"{3: 1.0, 2: -1.0}"
68,4,diff,956,"{4: 1.0, 3: -1.0}"
68,5,diff,957,"{5: 1.0, 4: -1.0}"
68,6,diff,958,"{6: 1.0, 5: -1.0}"
68,7,diff,959,"{7: 1.0, 6: -1.0}"
68,8,diff,960,"{8: 1.0, 7: -1.0}"
68,9,diff,961,"{9: 1.0, 8: -1.0}"
68,10,diff,962,"{10: 1.0, 9: -1.0}"
68,11,diff,963,"{11: 1.0, 10: -1.0}"
68,12,diff,964,"{12: 1.0, 11: -1.0}"
68,13,diff,965,"{13: 1.0, 12: -1.0}"
68,1,level,953,{1: 1.0}
68,2,level,954,{2: 1.0}
68,3,level,955,{3: 1.0}
68,4,level,956,{4: 1.0}
68,5,level,957,{5: 1.0}
68,6,level,958,{6: 1.0}
68,7,level,959,{7: 1.0}
68,8,level,960,{8: 1.0}
68,9,level,961,{9: 1.0}
68,10,level,962,{10: 1.0}
68,11,level,963,{11: 1.0}
68,12,level,964,{12: 1.0}
68,13,level,965,{13: 1.0}
69,2,diff,968,"{2: 1.0, 1: -1.0}"
69,3,diff,969,"{3: 1.0, 2: -1.0}"
69,4,diff,970,"{4: 1.0, 3: -1.0}"
69,5,diff,971,"{5: 1.0, 4: -1.0}"
69,6,diff,972,"{6: 1.0, 5: -1.0}"
69,7,diff,973,"{7: 1.0, 6: -1.0}"
69,8,diff,974,"{8: 1.0, 7: -1.0}"
69,9,diff,975,"{9: 1.0, 8: -1.0}"
69,10,diff,976,"{10: 1.0, 9: -1.0}"
69,11,diff,977,"{11: 1.0, 10: -1.0}"
69,12,diff,978,"{12: 1.0, 11: -1.0}"
69,13,diff,979,"{13: 1.0, 12: -1.0}"
69,1,level,967,{1: 1.0}
69,2,level,968,{2: 1.0}
69,3,level,969,{3: 1.0}
69,4,level,970,{4: 1.0}
69,5,level,971,{5: 1.0}
69,6,level,972,{6: 1.0}
69,7,level,973,{7: 1.0}
69,8,level,974,{8: 1.0}
69,9,level,975,{9: 1.0}
69,10,level,976,{10: 1.0}
69,11,level,977,{11: 1.0}
69,12,level,978,{12: 1.0}
69,13,level,979,{13: 1.0}
70,2,diff,982,"{2: 1.0, 1: -1.0}"
70,3,diff,983,"{3: 1.0, 2: -1.0}"
70,4,diff,984,"{4: 1.0, 3: -1.0}"
70,5,diff,985,"{5: 1.0, 4: -1.0}"
70,6,diff,986,"{6: 1.0, 5: -1.0}"
70,7,diff,987,"{7: 1.0, 6: -1.0}"
70,8,diff,988,"{8: 1.0, 7: -1.0}"
70,9,diff,989,"{9: 1.0, 8: -1.0}"
70,10,diff,990,"{10: 1.0, 9: -1.0}"
70,11,diff,991,"{11: 1.0, 10: -1.0}"
70,12,diff,992,"{12: 1.0, 11: -1.0}"
70,13,diff,993,"{13: 1.0, 12: -1.0}"
70,1,level,981,{1: 1.0}
70,2,level,982,{2: 1.0}
70,3,level,983,{3: 1.0}
70,4,level,984,{4: 1.0}
70,5,level,985,{5: 1.0}
70,6,level,986,{6: 1.0}
70,7,level,987,{7: 1.0}
70,8,level,988,{8: 1.0}
70,9,level,989,{9: 1.0}
70,10,level,990,{10: 1.0}
70,11,level,991,{11: 1.0}
70,12,level,992,{12: 1.0}
70,13,level,993,{13: 1.0}
71,2,diff,996,"{2: 1.0, 1: -1.0}"
71,3,diff,997,"{3: 1.0, 2: -1.0}"
71,4,diff,998,"{4: 1.0, 3: -1.0}"
71,5,diff,999,"{5: 1.0, 4: -1.0}"
71,6,diff,1000,"{6: 1.0, 5: -1.0}"
71,7,diff,1001,"{7: 1.0, 6: -1.0}"
71,8,diff,1002,"{8: 1.0, 7: -1.0}"
71,9,diff,1003,"{9: 1.0, 8: -1.0}"
71,10,diff,1004,"{10: 1.0, 9: -1.0}"
71,11,diff,1005,"{11: 1.0, 10: -1.0}"
71,12,diff,1006,"{12: 1.0, 11: -1.0}"
71,13,diff,1007,"{13: 1.0, 12: -1.0}"
71,1,level,995,{1: 1.0}
71,2,level,996,{2: 1.0}
71,3,level,997,{3: 1.0}
71,4,level,998,{4: 1.0}
71,5,level,999,{5: 1.0}
71,6,level,1000,{6: 1.0}
71,7,level,1001,{7: 1.0}
71,8,level,1002,{8: 1.0}
71,9,level,1003,{9: 1.0}
71,10,level,1004,{10: 1.0}
71,11,level,1005,{11: 1.0}
71,12,level,1006,{12: 1.0}
71,13,level,1007,{13: 1.0}
72,2,diff,1010,"{2: 1.0, 1: -1.0}"
72,3,diff,1011,"{3: 1.0, 2: -1.0}"
72,4,diff,1012,"{4: 1.0, 3: -1.0}"
72,5,diff,1013,"{5: 1.0, 4: -1.0}"
72,6,diff,1014,"{6: 1.0, 5: -1.0}"
72,7,diff,1015,"{7: 1.0, 6: -1.0}"
72,8,diff,1016,"{8: 1.0, 7: -1.0}"
72,9,diff,1017,"{9: 1.0, 8: -1.0}"
72,10,diff,1018,"{10: 1.0, 9: -1.0}"
72,11,diff,1019,"{11: 1.0, 10: -1.0}"
72,12,diff,1020,"{12: 1.0, 11: -1.0}"
72,13,diff,1021,"{13: 1.0, 12: -1.0}"
72,1,level,1009,{1: 1.0}
72,2,level,1010,{2: 1.0}
72,3,level,1011,{3: 1.0}
72,4,level,1012,{4: 1.0}
72,5,level,1013,{5: 1.0}
72,6,level,1014,{6: 1.0}
72,7,level,1015,{7: 1.0}
72,8,level,1016,{8: 1.0}
72,9,level,1017,{9: 1.0}
72,10,level,1018,{10: 1.0}
72,11,level,1019,{11: 1.0}
72,12,level,1020,{12: 1.0}
72,13,level,1021,{13: 1.0}
73,2,diff,1024,"{2: 1.0, 1: -1.0}"
73,3,diff,1025,"{3: 1.0, 2: -1.0}"
73,4,diff,1026,"{4: 1.0, 3: -1.0}"
73,5,diff,1027,"{5: 1.0, 4: -1.0}"
73,6,diff,1028,"{6: 1.0, 5: -1.0}"
73,7,diff,1029,"{7: 1.0, 6: -1.0}"
73,8,diff,1030,"{8: 1.0, 7: -1.0}"
73,9,diff,1031,"{9: 1.0, 8: -1.0}"
73,10,diff,1032,"{10: 1.0, 9: -1.0}"
73,11,diff,1033,"{11: 1.0, 10: -1.0}"
73,12,diff,1034,"{12: 1.0, 11: -1.0}"
73,13,diff,1035,"{13: 1.0, 12: -1.0}"
73,1,level,1023,{1: 1.0}
73,2,level,1024,{2: 1.0}
73,3,level,1025,{3: 1.0}
73,4,level,1026,{4: 1.0}
73,5,level,1027,{5: 1.0}
73,6,level,1028,{6: 1.0}
73,7,level,1029,{7: 1.0}
73,8,level,1030,{8: 1.0}
73,9,level,1031,{9: 1.0}
73,10,level,1032,{10: 1.0}
73,11,level,1033,{11: 1.0}
73,12,level,1034,{12: 1.0}
73,13,level,1035,{13: 1.0}
74,2,diff,1038,"{2: 1.0, 1: -1.0}"
74,3,diff,1039,"{3: 1.0, 2: -1.0}"
74,4,diff,1040,"{4: 1.0, 3: -1.0}"
74,5,diff,1041,"{5: 1.0, 4: -1.0}"
74,6,diff,1042,"{6: 1.0, 5: -1.0}"
74,7,diff,1043,"{7: 1.0, 6: -1.0}"
74,8,diff,1044,"{8: 1.0, 7: -1.0}"
74,9,diff,1045,"{9: 1.0, 8: -1.0}"
74,10,diff,1046,"{10: 1.0, 9: -1.0}"
74,11,diff,1047,"{11: 1.0, 10: -1.0}"
74,12,diff,1048,"{12: 1.0, 11: -1.0}"
74,13,diff,1049,"{13: 1.0, 12: -1.0}"
74,1,level,1037,{1: 1.0}
74,2,level,1038,{2: 1.0}
74,3,level,1039,{3: 1.0}
74,4,level,1040,{4: 1.0}
74,5,level,1041,{5: 1.0}
74,6,level,1042,{6: 1.0}
74,7,level,1043,{7: 1.0}
74,8,level,1044,{8: 1.0}
74,9,level,1045,{9: 1.0}
74,10,level,1046,{10: 1.0}
74,11,level,1047,{11: 1.0}
74,12,level,1048,{12: 1.0}
74,13,level,1049,{13: 1.0}
75,2,diff,1052,"{2: 1.0, 1: -1.0}"
75,3,diff,1053,"{3: 1.0, 2: -1.0}"
75,4,diff,1054,"{4: 1.0, 3: -1.0}"
75,5,diff,1055,"{5: 1.0, 4: -1.0}"
75,6,diff,1056,"{6: 1.0, 5: -1.0}"
75,7,diff,1057,"{7: 1.0, 6: -1.0}"
75,8,diff,1058,"{8: 1.0, 7: -1.0}"
75,9,diff,1059,"{9: 1.0, 8: -1.0}"
75,10,diff,1060,"{10: 1.0, 9: -1.0}"
75,11,diff,1061,"{11: 1.0, 10: -1.0}"
75,12,diff,1062,"{12: 1.0, 11: -1.0}"
75,13,diff,1063,"{13: 1.0, 12: -1.0}"
75,1,level,1051,{1: 1.0}
75,2,level,1052,{2: 1.0}
75,3,level,1053,{3: 1.0}
75,4,level,1054,{4: 1.0}
75,5,level,1055,{5: 1.0}
75,6,level,1056,{6: 1.0}
75,7,level,1057,{7: 1.0}
75,8,level,1058,{8: 1.0}
75,9,level,1059,{9: 1.0}
75,10,level,1060,{10: 1.0}
75,11,level,1061,{11: 1.0}
75,12,level,1062,{12: 1.0}
75,13,level,1063,{13: 1.0}
76,2,diff,1066,"{2: 1.0, 1: -1.0}"
76,3,diff,1067,"{3: 1.0, 2: -1.0}"
76,4,diff,1068,"{4: 1.0, 3: -1.0}"
76,5,diff,1069,"{5: 1.0, 4: -1.0}"
76,6,diff,1070,"{6: 1.0, 5: -1.0}"
76,7,diff,1071,"{7: 1.0, 6: -1.0}"
76,8,diff,1072,"{8: 1.0, 7: -1.0}"
76,9,diff,1073,"{9: 1.0, 8: -1.0}"
76,10,diff,1074,"{10: 1.0, 9: -1.0}"
76,11,diff,1075,"{11: 1.0, 10: -1.0}"
76,12,diff,1076,"{12: 1.0, 11: -1.0}"
76,13,diff,1077,"{13: 1.0, 12: -1.0}"
76,1,level,1065,{1: 1.0}
76,2,level,1066,{2: 1.0}
76,3,level,1067,{3: 1.0}
76,4,level,1068,{4: 1.0}
76,5,level,1069,{5: 1.0}
76,6,level,1070,{6: 1.0}
76,7,level,1071,{7: 1.0}
76,8,level,1072,{8: 1.0}
76,9,level,1073,{9: 1.0}
76,10,level,1074,{10: 1.0}
76,11,level,1075,{11: 1.0}
76,12,level,1076,{12: 1.0}
76,13,level,1077,{13: 1.0}
77,2,diff,1080,"{2: 1.0, 1: -1.0}"
77,3,diff,1081,"{3: 1.0, 2: -1.0}"
77,4,diff,1082,"{4: 1.0, 3: -1.0}"
77,5,diff,1083,"{5: 1.0, 4: -1.0}"
77,6,diff,1084,"{6: 1.0, 5: -1.0}"
77,7,diff,1085,"{7: 1.0, 6: -1.0}"
77,8,diff,1086,"{8: 1.0, 7: -1.0}"
77,9,diff,1087,"{9: 1.0, 8: -1.0}"
77,10,diff,1088,"{10: 1.0, 9: -1.0}"
77,11,diff,1089,"{11: 1.0, 10: -1.0}"
77,12,diff,1090,"{12: 1.0, 11: -1.0}"
77,13,diff,1091,"{13: 1.0, 12: -1.0}"
77,1,level,1079,{1: 1.0}
77,2,level,1080,{2: 1.0}
77,3,level,1081,{3: 1.0}
77,4,level,1082,{4: 1.0}
77,5,level,1083,{5: 1.0}
77,6,level,1084,{6: 1.0}
77,7,level,1085,{7: 1.0}
77,8,level,1086,{8: 1.0}
77,9,level,1087,{9: 1.0}
77,10,level,1088,{10: 1.0}
77,11,level,1089,{11: 1.0}
77,12,level,1090,{12: 1.0}
77,13,level,1091,{13: 1.0}
78,2,diff,1094,"{2: 1.0, 1: -1.0}"
78,3,diff,1095,"{3: 1.0, 2: -1.0}"
78,4,diff,1096,"{4: 1.0, 3: -1.0}"
78,5,diff,1097,"{5: 1.0, 4: -1.0}"
78,6,diff,1098,"{6: 1.0, 5: -1.0}"
78,7,diff,1099,"{7: 1.0, 6: -1.0}"
78,8,diff,1100,"{8: 1.0, 7: -1.0}"
78,9,diff,1101,"{9: 1.0, 8: -1.0}"
78,10,diff,1102,"{10: 1.0, 9: -1.0}"
78,11,diff,1103,"{11: 1.0, 10: -1.0}"
78,12,diff,1104,"{12: 1.0, 11: -1.0}"
78,13,diff,1105,"{13: 1.0, 12: -1.0}"
78,1,level,1093,{1: 1.0}
78,2,level,1094,{2: 1.0}
78,3,level,1095,{3: 1.0}
78,4,level,1096,{4: 1.0}
78,5,level,1097,{5: 1.0}
78,6,level,1098,{6: 1.0}
78,7,level,1099,{7: 1.0}
78,8,level,1100,{8: 1.0}
78,9,level,1101,{9: 1.0}
78,10,level,1102,{10: 1.0}
78,11,level,1103,{11: 1.0}
78,12,level,1104,{12: 1.0}
78,13,level,1105,{13: 1.0}
79,2,diff,1108,"{2: 1.0, 1: -1.0}"
79,3,diff,1109,"{3: 1.0, 2: -1.0}"
79,4,diff,1110,"{4: 1.0, 3: -1.0}"
79,5,diff,1111,"{5: 1.0, 4: -1.0}"
79,6,diff,1112,"{6: 1.0, 5: -1.0}"
79,7,diff,1113,"{7: 1.0, 6: -1.0}"
79,8,diff,1114,"{8: 1.0, 7: -1.0}"
79,9,diff,1115,"{9: 1.0, 8: -1.0}"
79,10,diff,1116,"{10: 1.0, 9: -1.0}"
79,11,diff,1117,"{11: 1.0, 10: -1.0}"
79,12,diff,1118,"{12: 1.0, 11: -1.0}"
79,13,diff,1119,"{13: 1.0, 12: -1.0}"
79,1,level,1107,{1: 1.0}
79,2,level,1108,{2: 1.0}
79,3,level,1109,{3: 1.0}
79,4,level,1110,{4: 1.0}
79,5,level,1111,{5: 1.0}
79,6,level,1112,{6: 1.0}
79,7,level,1113,{7: 1.0}
79,8,level,1114,{8: 1.0}
79,9,level,1115,{9: 1.0}
79,10,level,1116,{10: 1.0}
79,11,level,1117,{11: 1.0}
79,12,level,1118,{12: 1.0}
79,13,level,1119,{13: 1.0}
80,2,diff,1122,"{2: 1.0, 1: -1.0}"
80,3,diff,1123,"{3: 1.0, 2: -1.0}"
80,4,diff,1124,"{4: 1.0, 3: -1.0}"
80,5,diff,1125,"{5: 1.0, 4: -1.0}"
80,6,diff,1126,"{6: 1.0, 5: -1.0}"
80,7,diff,1127,"{7: 1.0, 6: -1.0}"
80,8,diff,1128,"{8: 1.0, 7: -1.0}"
80,9,diff,1129,"{9: 1.0, 8: -1.0}"
80,10,diff,1130,"{10: 1.0, 9: -1.0}"
80,11,diff,1131,"{11: 1.0, 10: -1.0}"
80,12,diff,1132,"{12: 1.0, 11: -1.0}"
80,13,diff,1133,"{13: 1.0, 12: -1.0}"
80,1,level,1121,{1: 1.0}
80,2,level,1122,{2: 1.0}
80,3,level,1123,{3: 1.0}
80,4,level,1124,{4: 1.0}
80,5,level,1125,{5: 1.0}
80,6,level,1126,{6: 1.0}
80,7,level,1127,{7: 1.0}
80,8,level,1128,{8: 1.0}
80,9,level,1129,{9: 1.0}
80,10,level,1130,{10: 1.0}
80,11,level,1131,{11: 1.0}
80,12,level,1132,{12: 1.0}
80,13,level,1133,{13: 1.0}
81,2,diff,1136,"{2: 1.0, 1: -1.0}"
81,3,diff,1137,"{3: 1.0, 2: -1.0}"
81,4,diff,1138,"{4: 1.0, 3: -1.0}"
81,5,diff,1139,"{5: 1.0, 4: -1.0}"
81,6,diff,1140,"{6: 1.0, 5: -1.0}"
81,7,diff,1141,"{7: 1.0, 6: -1.0}"
81,8,diff,1142,"{8: 1.0, 7: -1.0}"
81,9,diff,1143,"{9: 1.0, 8: -1.0}"
81,10,diff,1144,"{10: 1.0, 9: -1.0}"
81,11,diff,1145,"{11: 1.0, 10: -1.0}"
81,12,diff,1146,"{12: 1.0, 11: -1.0}"
81,13,diff,1147,"{13: 1.0, 12: -1.0}"
81,1,level,1135,{1: 1.0}
81,2,level,1136,{2: 1.0}
81,3,level,1137,{3: 1.0}
81,4,level,1138,{4: 1.0}
81,5,level,1139,{5: 1.0}
81,6,level,1140,{6: 1.0}
81,7,level,1141,{7: 1.0}
81,8,level,1142,{8: 1.0}
81,9,level,1143,{9: 1.0}
81,10,level,1144,{10: 1.0}
81,11,level,1145,{11: 1.0}
81,12,level,1146,{12: 1.0}
81,13,level,1147,{13: 1.0}
82,2,diff,1150,"{2: 1.0, 1: -1.0}"
82,3,diff,1151,"{3: 1.0, 2: -1.0}"
82,4,diff,1152,"{4: 1.0, 3: -1.0}"
82,5,diff,1153,"{5: 1.0, 4: -1.0}"
82,6,diff,1154,"{6: 1.0, 5: -1.0}"
82,7,diff,1155,"{7: 1.0, 6: -1.0}"
82,8,diff,1156,"{8: 1.0, 7: -1.0}"
82,9,diff,1157,"{9: 1.0, 8: -1.0}"
82,10,diff,1158,"{10: 1.0, 9: -1.0}"
82,11,diff,1159,"{11: 1.0, 10: -1.0}"
82,12,diff,1160,"{12: 1.0, 11: -1.0}"
82,13,diff,1161,"{13: 1.0, 12: -1.0}"
82,1,level,1149,{1: 1.0}
82,2,level,1150,{2: 1.0}
82,3,level,1151,{3: 1.0}
82,4,level,1152,{4: 1.0}
82,5,level,1153,{5: 1.0}
82,6,level,1154,{6: 1.0}
82,7,level,1155,{7: 1.0}
82,8,level,1156,{8: 1.0}
82,9,level,1157,{9: 1.0}
82,10,level,1158,{10: 1.0}
82,11,level,1159,{11: 1.0}
82,12,level,1160,{12: 1.0}
82,13,level,1161,{13: 1.0}
83,2,diff,1164,"{2: 1.0, 1: -1.0}"
83,3,diff,1165,"{3: 1.0, 2: -1.0}"
83,4,diff,1166,"{4: 1.0, 3: -1.0}"
83,5,diff,1167,"{5: 1.0, 4: -1.0}"
83,6,diff,1168,"{6: 1.0, 5: -1.0}"
83,7,diff,1169,"{7: 1.0, 6: -1.0}"
83,8,diff,1170,"{8: 1.0, 7: -1.0}"
83,9,diff,1171,"{9: 1.0, 8: -1.0}"
83,10,diff,1172,"{10: 1.0, 9: -1.0}"
83,11,diff,1173,"{11: 1.0, 10: -1.0}"
83,12,diff,1174,"{12: 1.0, 11: -1.0}"
83,13,diff,1175,"{13: 1.0, 12: -1.0}"
83,1,level,1163,{1: 1.0}
83,2,level,1164,{2: 1.0}
83,3,level,1165,{3: 1.0}
83,4,level,1166,{4: 1.0}
83,5,level,1167,{5: 1.0}
83,6,level,1168,{6: 1.0}
83,7,level,1169,{7: 1.0}
83,8,level,1170,{8: 1.0}
83,9,level,1171,{9: 1.0}
83,10,level,1172,{10: 1.0}
83,11,level,1173,{11: 1.0}
83,12,level,1174,{12: 1.0}
83,13,level,1175,{13: 1.0}
84,2,diff,1178,"{2: 1.0, 1: -1.0}"
84,3,diff,1179,"{3: 1.0, 2: -1.0}"
84,4,diff,1180,"{4: 1.0, 3: -1.0}"
84,5,diff,1181,"{5: 1.0, 4: -1.0}"
84,6,diff,1182,"{6: 1.0, 5: -1.0}"
84,7,diff,1183,"{7: 1.0, 6: -1.0}"
84,8,diff,1184,"{8: 1.0, 7: -1.0}"
84,9,diff,1185,"{9: 1.0, 8: -1.0}"
84,10,diff,1186,"{10: 1.0, 9: -1.0}"
84,11,diff,1187,"{11: 1.0, 10: -1.0}"
84,12,diff,1188,"{12: 1.0, 11: -1.0}"
84,13,diff,1189,"{13: 1.0, 12: -1.0}"
84,1,level,1177,{1: 1.0}
84,2,level,1178,{2: 1.0}
84,3,level,1179,{3: 1.0}
84,4,level,1180,{4: 1.0}
84,5,level,1181,{5: 1.0}
84,6,level,1182,{6: 1.0}
84,7,level,1183,{7: 1.0}
84,8,level,1184,{8: 1.0}
84,9,level,1185,{9: 1.0}
84,10,level,1186,{10: 1.0}
84,11,level,1187,{11: 1.0}
84,12,level,1188,{12: 1.0}
84,13,level,1189,{13: 1.0}
85,2,diff,1192,"{2: 1.0, 1: -1.0}"
85,3,diff,1193,"{3: 1.0, 2: -1.0}"
85,4,diff,1194,"{4: 1.0, 3: -1.0}"
85,5,diff,1195,"{5: 1.0, 4: -1.0}"
85,6,diff,1196,"{6: 1.0, 5: -1.0}"
85,7,diff,1197,"{7: 1.0, 6: -1.0}"
85,8,diff,1198,"{8: 1.0, 7: -1.0}"
85,9,diff,1199,"{9: 1.0, 8: -1.0}"
85,10,diff,1200,"{10: 1.0, 9: -1.0}"
85,11,diff,1201,"{11: 1.0, 10: -1.0}"
85,12,diff,1202,"{12: 1.0, 11: -1.0}"
85,13,diff,1203,"{13: 1.0, 12: -1.0}"
85,1,level,1191,{1: 1.0}
85,2,level,1192,{2: 1.0}
85,3,level,1193,{3: 1.0}
85,4,level,1194,{4: 1.0}
85,5,level,1195,{5: 1.0}
85,6,level,1196,{6: 1.0}
85,7,level,1197,{7: 1.0}
85,8,level,1198,{8: 1.0}
85,9,level,1199,{9: 1.0}
85,10,level,1200,{10: 1.0}
85,11,level,1201,{11: 1.0}
85,12,level,1202,{12: 1.0}
85,13,level,1203,{13: 1.0}
86,2,diff,1206,"{2: 1.0, 1: -1.0}"
86,3,diff,1207,"{3: 1.0, 2: -1.0}"
86,4,diff,1208,"{4: 1.0, 3: -1.0}"
86,5,diff,1209,"{5: 1.0, 4: -1.0}"
86,6,diff,1210,"{6: 1.0, 5: -1.0}"
86,7,diff,1211,"{7: 1.0, 6: -1.0}"
86,8,diff,1212,"{8: 1.0, 7: -1.0}"
86,9,diff,1213,"{9: 1.0, 8: -1.0}"
86,10,diff,1214,"{10: 1.0, 9: -1.0}"
86,11,diff,1215,"{11: 1.0, 10: -1.0}"
86,12,diff,1216,"{12: 1.0, 11: -1.0}"
86,13,diff,1217,"{13: 1.0, 12: -1.0}"
86,1,level,1205,{1: 1.0}
86,2,level,1206,{2: 1.0}
86,3,level,1207,{3: 1.0}
86,4,level,1208,{4: 1.0}
86,5,level,1209,{5: 1.0}
86,6,level,1210,{6: 1.0}
86,7,level,1211,{7: 1.0}
86,8,level,1212,{8: 1.0}
86,9,level,1213,{9: 1.0}
86,10,level,1214,{10: 1.0}
86,11,level,1215,{11: 1.0}
86,12,level,1216,{12: 1.0}
86,13,level,1217,{13: 1.0}
87,2,diff,1220,"{2: 1.0, 1: -1.0}"
87,3,diff,1221,"{3: 1.0, 2: -1.0}"
87,4,diff,1222,"{4: 1.0, 3: -1.0}"
87,5,diff,1223,"{5: 1.0, 4: -1.0}"
87,6,diff,1224,"{6: 1.0, 5: -1.0}"
87,7,diff,1225,"{7: 1.0, 6: -1.0}"
87,8,diff,1226,"{8: 1.0, 7: -1.0}"
87,9,diff,1227,"{9: 1.0, 8: -1.0}"
87,10,diff,1228,"{10: 1.0, 9: -1.0}"
87,11,diff,1229,"{11: 1.0, 10: -1.0}"
87,12,diff,1230,"{12: 1.0, 11: -1.0}"
87,13,diff,1231,"{13: 1.0, 12: -1.0}"
87,1,level,1219,{1: 1.0}
87,2,level,1220,{2: 1.0}
87,3,level,1221,{3: 1.0}
87,4,level,1222,{4: 1.0}
87,5,level,1223,{5: 1.0}
87,6,level,1224,{6: 1.0}
87,7,level,1225,{7: 1.0}
87,8,level,1226,{8: 1.0}
87,9,level,1227,{9: 1.0}
87,10,level,1228,{10: 1.0}
87,11,level,1229,{11: 1.0}
87,12,level,1230,{12: 1.0}
87,13,level,1231,{13: 1.0}
88,2,diff,1234,"{2: 1.0, 1: -1.0}"
88,3,diff,1235,"{3: 1.0, 2: -1.0}"
88,4,diff,1236,"{4: 1.0, 3: -1.0}"
88,5,diff,1237,"{5: 1.0, 4: -1.0}"
88,6,diff,1238,"{6: 1.0, 5: -1.0}"
88,7,diff,1239,"{7: 1.0, 6: -1.0}"
88,8,diff,1240,"{8: 1.0, 7: -1.0}"
88,9,diff,1241,"{9: 1.0, 8: -1.0}"
88,10,diff,1242,"{10: 1.0, 9: -1.0}"
88,11,diff,1243,"{11: 1.0, 10: -1.0}"
88,12,diff,1244,"{12: 1.0, 11: -1.0}"
88,13,diff,1245,"{13: 1.0, 12: -1.0}"
88,1,level,1233,{1: 1.0}
88,2,level,1234,{2: 1.0}
88,3,level,1235,{3: 1.0}
88,4,level,1236,{4: 1.0}
88,5,level,1237,{5: 1.0}
88,6,level,1238,{6: 1.0}
88,7,level,1239,{7: 1.0}
88,8,level,1240,{8: 1.0}
88,9,level,1241,{9: 1.0}
88,10,level,1242,{10: 1.0}
88,11,level,1243,{11: 1.0}
88,12,level,1244,{12: 1.0}
88,13,level,1245,{13: 1.0}
89,2,diff,1248,"{2: 1.0, 1: -1.0}"
89,3,diff,1249,"{3: 1.0, 2: -1.0}"
89,4,diff,1250,"{4: 1.0, 3: -1.0}"
89,5,diff,1251,"{5: 1.0, 4: -1.0}"
89,6,diff,1252,"{6: 1.0, 5: -1.0}"
89,7,diff,1253,"{7: 1.0, 6: -1.0}"
89,8,diff,1254,"{8: 1.0, 7: -1.0}"
89,9,diff,1255,"{9: 1.0, 8: -1.0}"
89,10,diff,1256,"{10: 1.0, 9: -1.0}"
89,11,diff,1257,"{11: 1.0, 10: -1.0}"
89,12,diff,1258,"{12: 1.0, 11: -1.0}"
89,13,diff,1259,"{13: 1.0, 12: -1.0}"
89,1,level,1247,{1: 1.0}
89,2,level,1248,{2: 1.0}
89,3,level,1249,{3: 1.0}
89,4,level,1250,{4: 1.0}
89,5,level,1251,{5: 1.0}
89,6,level,1252,{6: 1.0}
89,7,level,1253,{7: 1.0}
89,8,level,1254,{8: 1.0}
89,9,level,1255,{9: 1.0}
89,10,level,1256,{10: 1.0}
89,11,level,1257,{11: 1.0}
89,12,level,1258,{12: 1.0}
89,13,level,1259,{13: 1.0}
90,2,diff,1262,"{2: 1.0, 1: -1.0}"
90,3,diff,1263,"{3: 1.0, 2: -1.0}"
90,4,diff,1264,"{4: 1.0, 3: -1.0}"
90,5,diff,1265,"{5: 1.0, 4: -1.0}"
90,6,diff,1266,"{6: 1.0, 5: -1.0}"
90,7,diff,1267,"{7: 1.0, 6: -1.0}"
90,8,diff,1268,"{8: 1.0, 7: -1.0}"
90,9,diff,1269,"{9: 1.0, 8: -1.0}"
90,10,diff,1270,"{10: 1.0, 9: -1.0}"
90,11,diff,1271,"{11: 1.0, 10: -1.0}"
90,12,diff,1272,"{12: 1.0, 11: -1.0}"
90,13,diff,1273,"{13: 1.0, 12: -1.0}"
90,1,level,1261,{1: 1.0}
90,2,level,1262,{2: 1.0}
90,3,level,1263,{3: 1.0}
90,4,level,1264,{4: 1.0}
90,5,level,1265,{5: 1.0}
90,6,level,1266,{6: 1.0}
90,7,level,1267,{7: 1.0}
90,8,level,1268,{8: 1.0}
90,9,level,1269,{9: 1.0}
90,10,level,1270,{10: 1.0}
90,11,level,1271,{11: 1.0}
90,12,level,1272,{12: 1.0}
90,13,level,1273,{13: 1.0}
91,2,diff,1276,"{2: 1.0, 1: -1.0}"
91,3,diff,1277,"{3: 1.0, 2: -1.0}"
91,4,diff,1278,"{4: 1.0, 3: -1.0}"
91,5,diff,1279,"{5: 1.0, 4: -1.0}"
91,6,diff,1280,"{6: 1.0, 5: -1.0}"
91,7,diff,1281,"{7: 1.0, 6: -1.0}"
91,8,diff,1282,"{8: 1.0, 7: -1.0}"
91,9,diff,1283,"{9: 1.0, 8: -1.0}"
91,10,diff,1284,"{10: 1.0, 9: -1.0}"
91,11,diff,1285,"{11: 1.0, 10: -1.0}"
91,12,diff,1286,"{12: 1.0, 11: -1.0}"
91,13,diff,1287,"{13: 1.0, 12: -1.0}"
91,1,level,1275,{1: 1.0}
91,2,level,1276,{2: 1.0}
91,3,level,1277,{3: 1.0}
91,4,level,1278,{4: 1.0}
91,5,level,1279,{5: 1.0}
91,6,level,1280,{6: 1.0}
91,7,level,1281,{7: 1.0}
91,8,level,1282,{8: 1.0}
91,9,level,1283,{9: 1.0}
91,10,level,1284,{10: 1.0}
91,11,level,1285,{11: 1.0}
91,12,level,1286,{12: 1.0}
91,13,level,1287,{13: 1.0}
92,2,diff,1290,"{2: 1.0, 1: -1.0}"
92,3,diff,1291,"{3: 1.0, 2: -1.0}"
92,4,diff,1292,"{4: 1.0, 3: -1.0}"
92,5,diff,1293,"{5: 1.0, 4: -1.0}"
92,6,diff,1294,"{6: 1.0, 5: -1.0}"
92,7,diff,1295,"{7: 1.0, 6: -1.0}"
92,8,diff,1296,"{8: 1.0, 7: -1.0}"
92,9,diff,1297,"{9: 1.0, 8: -1.0}"
92,10,diff,1298,"{10: 1.0, 9: -1.0}"
92,11,diff,1299,"{11: 1.0, 10: -1.0}"
92,12,diff,1300,"{12: 1.0, 11: -1.0}"
92,13,diff,1301,"{13: 1.0, 12: -1.0}"
92,1,level,1289,{1: 1.0}
92,2,level,1290,{2: 1.0}
92,3,level,1291,{3: 1.0}
92,4,level,1292,{4: 1.0}
92,5,level,1293,{5: 1.0}
92,6,level,1294,{6: 1.0}
92,7,level,1295,{7: 1.0}
92,8,level,1296,{8: 1.0}
92,9,level,1297,{9: 1.0}
92,10,level,1298,{10: 1.0}
92,11,level,1299,{11: 1.0}
92,12,level,1300,{12: 1.0}
92,13,level,1301,{13: 1.0}
93,2,diff,1304,"{2: 1.0, 1: -1.0}"
93,3,diff,1305,"{3: 1.0, 2: -1.0}"
93,4,diff,1306,"{4: 1.0, 3: -1.0}"
93,5,diff,1307,"{5: 1.0, 4: -1.0}"
93,6,diff,1308,"{6: 1.0, 5: -1.0}"
93,7,diff,1309,"{7: 1.0, 6: -1.0}"
93,8,diff,1310,"{8: 1.0, 7: -1.0}"
93,9,diff,1311,"{9: 1.0, 8: -1.0}"
93,10,diff,1312,"{10: 1.0, 9: -1.0}"
93,11,diff,1313,"{11: 1.0, 10: -1.0}"
93,12,diff,1314,"{12: 1.0, 11: -1.0}"
93,13,diff,1315,"{13: 1.0, 12: -1.0}"
93,1,level,1303,{1: 1.0}
93,2,level,1304,{2: 1.0}
93,3,level,1305,{3: 1.0}
93,4,level,1306,{4: 1.0}
93,5,level,1307,{5: 1.0}
93,6,level,1308,{6: 1.0}
93,7,level,1309,{7: 1.0}
93,8,level,1310,{8: 1.0}
93,9,level,1311,{9: 1.0}
93,10,level,1312,{10: 1.0}
93,11,level,1313,{11: 1.0}
93,12,level,1314,{12: 1.0}
93,13,level,1315,{13: 1.0}
94,2,diff,1318,"{2: 1.0, 1: -1.0}"
94,3,diff,1319,"{3: 1.0, 2: -1.0}"
94,4,diff,1320,"{4: 1.0, 3: -1.0}"
94,5,diff,1321,"{5: 1.0, 4: -1.0}"
94,6,diff,1322,"{6: 1.0, 5: -1.0}"
94,7,diff,1323,"{7: 1.0, 6: -1.0}"
94,8,diff,1324,"{8: 1.0, 7: -1.0}"
94,9,diff,1325,"{9: 1.0, 8: -1.0}"
94,10,diff,1326,"{10: 1.0, 9: -1.0}"
94,11,diff,1327,"{11: 1.0, 10: -1.0}"
94,12,diff,1328,"{12: 1.0, 11: -1.0}"
94,13,diff,1329,"{13: 1.0, 12: -1.0}"
94,1,level,1317,{1: 1.0}
94,2,level,1318,{2: 1.0}
94,3,level,1319,{3: 1.0}
94,4,level,1320,{4: 1.0}
94,5,level,1321,{5: 1.0}
94,6,level,1322,{6: 1.0}
94,7,level,1323,{7: 1.0}
94,8,level,1324,{8: 1.0}
94,9,level,1325,{9: 1.0}
94,10,level,1326,{10: 1.0}
94,11,level,1327,{11: 1.0}
94,12,level,1328,{12: 1.0}
94,13,level,1329,{13: 1.0}
95,2,diff,1332,"{2: 1.0, 1: -1.0}"
95,3,diff,1333,"{3: 1.0, 2: -1.0}"
95,4,diff,1334,"{4: 1.0, 3: -1.0}"
95,5,diff,1335,"{5: 1.0, 4: -1.0}"
95,6,diff,1336,"{6: 1.0, 5: -1.0}"
95,7,diff,1337,"{7: 1.0, 6: -1.0}"
95,8,diff,1338,"{8: 1.0, 7: -1.0}"
95,9,diff,1339,"{9: 1.0, 8: -1.0}"
95,10,diff,1340,"{10: 1.0, 9: -1.0}"
95,11,diff,1341,"{11: 1.0, 10: -1.0}"
95,12,diff,1342,"{12: 1.0, 11: -1.0}"
95,13,diff,1343,"{13: 1.0, 12: -1.0}"
95,1,level,1331,{1: 1.0}
95,2,level,1332,{2: 1.0}
95,3,level,1333,{3: 1.0}
95,4,level,1334,{4: 1.0}
95,5,level,1335,{5: 1.0}
95,6,level,1336,{6: 1.0}
95,7,level,1337,{7: 1.0}
95,8,level,1338,{8: 1.0}
95,9,level,1339,{9: 1.0}
95,10,level,1340,{10: 1.0}
95,11,level,1341,{11: 1.0}
95,12,level,1342,{12: 1.0}
95,13,level,1343,{13: 1.0}
